signed,FreeAgent,year,first_signed,last_signed,first_fa,last_fa
Rex Hudler,Ron Blomberg,1978,Rex,Hudler,Ron,Blomberg
Tim Conroy,Mike Jorgensen,1978,Tim,Conroy,Mike,Jorgensen
Jerry Aubin,Terry Forster,1978,Jerry,Aubin,Terry,Forster
Matt Winters,Mike Torrez,1978,Matt,Winters,Mike,Torrez
Larry Sheets,Elliott Maddox,1978,Larry,Sheets,Elliott,Maddox
Dave White,Oscar Gamble,1978,Dave,White,Oscar,Gamble
Richard Naumann,Ray Fosse,1978,Richard,Naumann,Ray,Fosse
Eddie Hook,Ross Grimsley,1978,Eddie,Hook,Ross,Grimsley
Doug Gwosdz,Merv Rettenmund,1978,Doug,Gwosdz,Merv,Rettenmund
Cecil Whitehead,Dick Drago,1978,Cecil,Whitehead,Dick,Drago
Mike Maitland,Jack Brohamer,1978,Mike,Maitland,Jack,Brohamer
Scott Garrelts,Jim Barr,1979,Scott,Garrelts,Jim,Barr
Steve Howe,Lee Lacy,1979,Steve,Howe,Lee,Lacy
Ricky Seilheimer,Steve Stone,1979,Ricky,Seilheimer,Steve,Stone
Danny Lamar,Pete Rose,1979,Danny,Lamar,Pete,Rose
Chris Baker,Jim Slaton,1979,Chris,Baker,Jim,Slaton
Bob Geren,Derrel Thomas,1979,Bob,Geren,Derrel,Thomas
Steve Perry,Tommy John,1979,Steve,Perry,Tommy,John
Mike Stenhouse,Steve Renko,1979,Mike,Stenhouse,Steve,Renko
Keefe Cato,Mike Lum,1979,Keefe,Cato,Mike,Lum
Michael Kwiecinski,Darold Knowles,1979,Michael,Kwiecinski,Darold,Knowles
Mark Ferguson,Elias Sosa,1979,Mark,Ferguson,Elias,Sosa
Jose DeLeon,Duffy Dyer,1979,Jose,DeLeon,Duffy,Dyer
Dennis Rasmussen,Nolan Ryan,1980,Dennis,Rasmussen,Nolan,Ryan
Rick Renteria,Bruce Kison,1980,Rick,Renteria,Bruce,Kison
Jim Acker,Rowland Office,1980,Jim,Acker,Rowland,Office
Terry Francona,Rudy May,1980,Terry,Francona,Rudy,May
Billy Beane,Andy Hassler,1980,Billy,Beane,Andy,Hassler
John Gibbons,Skip Lockwood,1980,John,Gibbons,Skip,Lockwood
Eric Erickson,John Curtis,1980,Eric,Erickson,John,Curtis
Jeff Horne,Rennie Stennett,1980,Jeff,Horne,Rennie,Stennett
Jim Weaver,Dave Goltz,1980,Jim,Weaver,Dave,Goltz
Turner Gill,Jorge Orta,1980,Turner,Gill,Jorge,Orta
Jim Pettibone,Joe Morgan,1980,Jim,Pettibone,Joe,Morgan
Mike Olson,Freddie Patek,1980,Mike,Olson,Freddie,Patek
Dave Miley,Fred Norman,1980,Dave,Miley,Fred,Norman
Mike Brown,Bob Watson,1980,Mike,Brown,Bob,Watson
Joe Hesketh,Tony Perez,1980,Joe,Hesketh,Tony,Perez
Gregory Pope,Rick Wise,1980,Gregory,Pope,Rick,Wise
Al Heath,Milt May,1980,Al,Heath,Milt,May
Ken Dixon,Don Stanhouse,1980,Ken,Dixon,Don,Stanhouse
Matt Williams,Jim Wohlford,1980,Matt,Williams,Jim,Wohlford
David Christianson,Jay Johnstone,1980,David,Christianson,Jay,Johnstone
Vance Lovelace,Larry Biittner,1981,Vance,Lovelace,Larry,Biittner
John Cerutti,Roy Howell,1981,John,Cerutti,Roy,Howell
Al Lachowicz,Dave Roberts,1981,Al,Lachowicz,Dave,Roberts
Kevin Burrell,Jim Dwyer,1981,Kevin,Burrell,Jim,Dwyer
Frank Castro,Dave Winfield,1981,Frank,Castro,Dave,Winfield
Jeff Carl,John D'Acquisto,1981,Jeff,Carl,John,D'Acquisto
Chuckie Canady,Rusty Staub,1981,Chuckie,Canady,Rusty,Staub
Mike Gallego,Jim Essian,1981,Mike,Gallego,Jim,Essian
Mark Gubicza,Darrell Porter,1981,Mark,Gubicza,Darrell,Porter
Mark Langston,Bill Stein,1981,Mark,Langston,Bill,Stein
John Christensen,Claudell Washington,1981,John,Christensen,Claudell,Washington
Lemmie Miller,Don Sutton,1981,Lemmie,Miller,Don,Sutton
Craig Henderson,Jose Morales,1981,Craig,Henderson,Jose,Morales
John Marzano,Geoff Zahn,1981,John,Marzano,Geoff,Zahn
Curt Wardle,Mike Cubbage,1981,Curt,Wardle,Mike,Cubbage
Scott Bradley,Gaylord Perry,1981,Scott,Bradley,Gaylord,Perry
Lee Guetterman,Juan Beniquez,1981,Lee,Guetterman,Juan,Beniquez
Sam Horn,Frank Tanana,1982,Sam,Horn,Frank,Tanana
Tony Woods,Tim Blackwell,1982,Tony,Woods,Tim,Blackwell
Scott Jones,Dave Collins,1982,Scott,Jones,Dave,Collins
Jeff Ledbetter,Joe Rudi,1982,Jeff,Ledbetter,Joe,Rudi
Stan Boderick,Tim Blackwell,1982,Stan,Boderick,Tim,Blackwell
Kevin Romine,Bill Campbell,1982,Kevin,Romine,Bill,Campbell
Tim Birtsas,Reggie Jackson,1982,Tim,Birtsas,Reggie,Jackson
Joel Davis,Steve Kemp,1983,Joel,Davis,Steve,Kemp
Brian Holman,Joel Youngblood,1983,Brian,Holman,Joel,Youngblood
Terry Bell,Floyd Bannister,1983,Terry,Bell,Floyd,Bannister
Stan Jefferson,Pete Falcone,1983,Stan,Jefferson,Pete,Falcone
Calvin Schiraldi,Pete Falcone,1983,Calvin,Schiraldi,Pete,Falcone
Russ Morman,Bill Almon,1983,Russ,Morman,Bill,Almon
Mike Brumley,Tom Burgmeier,1983,Mike,Brumley,Tom,Burgmeier
Stan Fansler,Omar Moreno,1983,Stan,Fansler,Omar,Moreno
Mike Cherry,Steve Garvey,1983,Mike,Cherry,Steve,Garvey
Paul Oates,Gene Tenace,1983,Paul,Oates,Gene,Tenace
Joe Oliver,Bob Shirley,1983,Joe,Oliver,Bob,Shirley
Luis Lopez,Terry Forster,1983,Luis,Lopez,Terry,Forster
Wally Joyner,Don Baylor,1983,Wally,Joyner,Don,Baylor
Tony Menendez,Dennis Lamp,1984,Tony,Menendez,Dennis,Lamp
Terry Mulholland,Darrell Evans,1984,Terry,Mulholland,Darrell,Evans
Gary Green,Ruppert Jones,1984,Gary,Green,Ruppert,Jones
Norm Charlton,Manny Trillo,1984,Norm,Charlton,Manny,Trillo
Terry Green,Frank LaCorte,1984,Terry,Green,Frank,LaCorte
Kurt Dempster,Lary Sorensen,1984,Kurt,Dempster,Lary,Sorensen
Keith Miller,Rich Gossage,1984,Keith,Miller,Rich,Gossage
Mike Cook,Fred Lynn,1985,Mike,Cook,Fred,Lynn
Rafael Palmeiro,Tim Stoddard,1985,Rafael,Palmeiro,Tim,Stoddard
Joey Cora,Ed Whitson,1985,Joey,Cora,Ed,Whitson
Bill McGuire,Steve Henderson,1985,Bill,McGuire,Steve,Henderson
Rick Balabon,Tim Belcher,1985,Rick,Balabon,Tim,Belcher
Mike Watters,Burt Hooton,1985,Mike,Watters,Burt,Hooton
Bruce Ruffin,Sixto Lezcano,1985,Bruce,Ruffin,Sixto,Lezcano
Jim Fregosi,Bruce Sutter,1985,Jim,Fregosi,Bruce,Sutter
Damon Hansel,Lee Lacy,1985,Damon,Hansel,Lee,Lacy
Chris Collins,Don Aase,1985,Chris,Collins,Don,Aase
Roberto Hernandez,Juan Beniquez,1986,Roberto,Hernandez,Juan,Beniquez
Terry Carr,Al Holland,1986,Terry,Carr,Al,Holland
Mike Fetters,Juan Beniquez,1986,Mike,Fetters,Juan,Beniquez
Daryl Green,Al Holland,1986,Daryl,Green,Al,Holland
Todd Zeile,Ivan de Jesus,1986,Todd,Zeile,Ivan,De Jesus
Ricky Gutierrez,Rick Dempsey,1987,Ricky,Gutierrez,Rick,Dempsey
Bill Henderson,Lance Parrish,1987,Bill,Henderson,Lance,Parrish
Bill Haselman,Gary Ward,1987,Bill,Haselman,Gary,Ward
Pete Harnisch,Rick Dempsey,1987,Pete,Harnisch,Rick,Dempsey
Tyrone Kingwood,Andre Dawson,1987,Tyrone,Kingwood,Andre,Dawson
Mark Petkovsek,Gary Ward,1987,Mark,Petkovsek,Gary,Ward
Travis Fryman,Lance Parrish,1987,Travis,Fryman,Lance,Parrish
David Holdridge,Reggie Jackson,1987,David,Holdridge,Reggie,Jackson
Nate Minchey,Andre Dawson,1987,Nate,Minchey,Andre,Dawson
Todd Hundley,Ray Knight,1987,Todd,Hundley,Ray,Knight
Mike Erb,Reggie Jackson,1987,Mike,Erb,Reggie,Jackson
Curt Krippner,Rick Cerone,1987,Curt,Krippner,Rick,Cerone
Royce Clayton,Eddie Milner,1988,Royce,Clayton,Eddie,Milner
Charles Nagy,Brett Butler,1988,Charles,Nagy,Brett,Butler
John Ericks,Jack Clark,1988,John,Ericks,Jack,Clark
Jeff Mutis,Brett Butler,1988,Jeff,Mutis,Brett,Butler
Ted Wood,Chili Davis,1988,Ted,Wood,Chili,Davis
Brian Jordan,Jack Clark,1988,Brian,Jordan,Jack,Clark
Wynn Beck,Mike Davis,1988,Wynn,Beck,Mike,Davis
Scott Ebert,Chili Davis,1988,Scott,Ebert,Chili,Davis
Ben Howze,Vance Law,1988,Ben,Howze,Vance,Law
Matt Murray,David Palmer,1988,Matt,Murray,David,Palmer
Dave Silvestri,Jose Cruz,1988,Dave,Silvestri,Jose,Cruz
John Kupsey,Glenn Hubbard,1988,John,Kupsey,Glenn,Hubbard
Derrick Warren,John Candelaria,1988,Derrick,Warren,John,Candelaria
Kiki Jones,Steve Sax,1989,Kiki,Jones,Steve,Sax
Greg Blosser,Bruce Hurst,1989,Greg,Blosser,Bruce,Hurst
Tony Manahan,Mike Moore,1989,Tony,Manahan,Mike,Moore
Todd Jones,Nolan Ryan,1989,Todd,Jones,Nolan,Ryan
Jamie McAndrew,Steve Sax,1989,Jamie,McAndrew,Steve,Sax
Kevin Morton,Bruce Hurst,1989,Kevin,Morton,Bruce,Hurst
Tommy Taylor,Tom Niedenfuer,1989,Tommy,Taylor,Tom,Niedenfuer
Brian Hunter,Nolan Ryan,1989,Brian,Hunter,Nolan,Ryan
Billy Lott,Jesse Orosco,1989,Billy,Lott,Jesse,Orosco
Brian Boltz,Rick Mahler,1989,Brian,Boltz,Rick,Mahler
Lance Jennings,Jamie Quirk,1989,Lance,Jennings,Jamie,Quirk
John Hope,Dave LaPoint,1989,John,Hope,Dave,LaPoint
Brent Bowers,Rick Leach,1989,Brent,Bowers,Rick,Leach
Bo Dodson,Jeffrey Leonard,1989,Bo,Dodson,Jeffrey,Leonard
Todd Van Poppel,Dave Parker,1990,Todd,Van Poppel,Dave,Parker
Adam Hyzdu,Ken Oberkfell,1990,Adam,Hyzdu,Ken,Oberkfell
Aaron Holbert,Tony Pena,1990,Aaron,Holbert,Tony,Pena
Eric Christopherson,Craig Lefferts,1990,Eric,Christopherson,Craig,Lefferts
Tom Nevers,Kevin Bass,1990,Tom,Nevers,Kevin,Bass
Rondell White,Mark Langston,1990,Rondell,White,Mark,Langston
Robbie Beckett,Mark Davis,1990,Robbie,Beckett,Mark,Davis
Mike Zimmerman,Jim Gott,1990,Mike,Zimmerman,Jim,Gott
Gabe White,Mark Langston,1990,Gabe,White,Mark,Langston
Midre Cummings,Jeff Reardon,1990,Midre,Cummings,Jeff,Reardon
Paul Ellis,Tony Pena,1990,Paul,Ellis,Tony,Pena
Brian Williams,Kevin Bass,1990,Brian,Williams,Kevin,Bass
Scott Sanders,Mark Davis,1990,Scott,Sanders,Mark,Davis
Marcus Jensen,Craig Lefferts,1990,Marcus,Jensen,Craig,Lefferts
Dave Zancanaro,Storm Davis,1990,Dave,Zancanaro,Storm,Davis
Stan Spencer,Hubie Brooks,1990,Stan,Spencer,Hubie,Brooks
Kirk Dressendorfer,Dave Parker,1990,Kirk,Dressendorfer,Dave,Parker
Ben Van Ryn,Pascual Perez,1990,Ben,VanRyn,Pascual,Perez
Frankie Rodriguez,Nick Esasky,1990,Frankie,Rodriguez,Nick,Esasky
Curtis Shaw,Tony Phillips,1990,Curtis,Shaw,Tony,Phillips
Robert Eenhoorn,Walt Terrell,1990,Robert,Eenhoorn,Walt,Terrell
Darrell Whitmore,Pete O'Brien,1990,Darrell,Whitmore,Pete,O'Brien
Mike Hardge,Hubie Brooks,1990,Mike,Hardge,Hubie,Brooks
Tavo Alvarez,Pascual Perez,1990,Tavo,Alvarez,Pascual,Perez
Chris Martin,Bryn Smith,1990,Chris,Martin,Bryn,Smith
Ron Caridad,Jeff Reardon,1990,Ron,Caridad,Jeff,Reardon
Keith Grunewald,Fred Lynn,1990,Keith,Grunewald,Fred,Lynn
Eric Helfand,Storm Davis,1990,Eric,Helfand,Storm,Davis
Eric Maloney,Richard Dotson,1990,Eric,Maloney,Richard,Dotson
Leroy Williams,Dave Anderson,1990,Leroy,Williams,Dave,Anderson
Jeff Williams,Dave Schmidt,1990,Jeff,Williams,Dave,Schmidt
Joe Rosselli,Candy Maldonado,1990,Joe,Rosselli,Candy,Maldonado
Tim Hyers,Lloyd Moseby,1990,Tim,Hyers,Lloyd,Moseby
Troy Bradford,Scott Sanderson,1990,Troy,Bradford,Scott,Sanderson
Scott Freeman,John Tudor,1990,Scott,Freeman,John,Tudor
Jamie Ogden,Wally Backman,1990,Jamie,Ogden,Wally,Backman
John Schulte,Jim Gott,1990,John,Schulte,Jim,Gott
Ty Hill,Rob Deer,1991,Ty,Hill,Rob,Deer
Shawn Green,Bud Black,1991,Shawn,Green,Bud,Black
Al Shirley,Darryl Strawberry,1991,Al,Shirley,Darryl,Strawberry
Allen Watson,Ken Dayley,1991,Allen,Watson,Ken,Dayley
Brian Barber,Vince Coleman,1991,Brian,Barber,Vince,Coleman
Scott Stahoviak,Gary Gaetti,1991,Scott,Stahoviak,Gary,Gaetti
Tom McKinnon,Terry Pendleton,1991,Tom,McKinnon,Terry,Pendleton
Shawn Livesey,Danny Darwin,1991,Shawn,Livesey,Danny,Darwin
Jason Pruitt,Steve Farr,1991,Jason,Pruitt,Steve,Farr
Pepper Anthony,Jack Clark,1991,Pepper,Anthony,Jack,Clark
Justin Thompson,Jack Morris,1991,Justin,Thompson,Jack,Morris
Steve Whitaker,Brett Butler,1991,Steve,Whitaker,Brett,Butler
Jorge Fabregas,Chili Davis,1991,Jorge,Fabregas,Chili,Davis
Jeff Ware,George Bell,1991,Jeff,Ware,George,Bell
Bobby Jones,Darryl Strawberry,1991,Bobby,Jones,Darryl,Strawberry
J.J. Johnson,Larry Andersen,1991,J.J.,Johnson,Larry,Andersen
Mike Rossiter,Willie McGee,1991,Mike,Rossiter,Willie,McGee
Dan Cholowsky,Ken Dayley,1991,Dan,Cholowsky,Ken,Dayley
Jimmy Gonzalez,Dave Smith,1991,Jimmy,Gonzalez,Dave,Smith
Trever Miller,Mike Heath,1991,Trever,Miller,Mike,Heath
Scott Hatteberg,Mike Boddicker,1991,Scott,Hatteberg,Mike,Boddicker
Mike Groppuso,Franklin Stubbs,1991,Mike,Groppuso,Franklin,Stubbs
Ryan Long,Steve Farr,1991,Ryan,Long,Steve,Farr
Eddie Williams,Terry Pendleton,1991,Eddie,Williams,Terry,Pendleton
Buck McNabb,Juan Agosto,1991,Buck,McNabb,Juan,Agosto
Jim Lewis,Franklin Stubbs,1991,Jim,Lewis,Franklin,Stubbs
Terry Horn,Mike Boddicker,1991,Terry,Horn,Mike,Boddicker
Trevor Mallory,George Bell,1991,Trevor,Mallory,George,Bell
Mike Neill,Willie McGee,1991,Mike,Neill,Willie,McGee
Rod Pedraza,Kevin Gross,1991,Rod,Pedraza,Kevin,Gross
Judd Wilstead,Bill Krueger,1991,Judd,Wilstead,Bill,Krueger
Marc Kroon,Pat Tabler,1991,Marc,Kroon,Pat,Tabler
Dan Jones,Sid Bream,1991,Dan,Jones,Sid,Bream
Brian Edmondson,Ed Nunez,1991,Brian,Edmondson,Ed,Nunez
Todd Hollandsworth,Kirk Gibson,1991,Todd,Hollandsworth,Kirk,Gibson
Mark Hubbard,Dave Righetti,1991,Mark,Hubbard,Dave,Righetti
Jim Pittsley,Kurt Stillwell,1992,Jim,Pittsley,Kurt,Stillwell
Chris Roberts,Frank Viola,1992,Chris,Roberts,Frank,Viola
Shannon Stewart,Tom Candiotti,1992,Shannon,Stewart,Tom,Candiotti
Jeff Schmidt,Wally Joyner,1992,Jeff,Schmidt,Wally,Joyner
Jon Ward,Frank Viola,1992,Jon,Ward,Frank,Viola
Sherard Clinkscales,Danny Tartabull,1992,Sherard,Clinkscales,Danny,Tartabull
Ryan Luzinski,Eddie Murray,1992,Ryan,Luzinski,Eddie,Murray
Shon Walker,Bobby Bonilla,1992,Shon,Walker,Bobby,Bonilla
Brandon Cromer,Tom Candiotti,1992,Brandon,Cromer,Tom,Candiotti
Johnny Damon,Kurt Stillwell,1992,Johnny,Damon,Kurt,Stillwell
Mike Moore,Mike Morgan,1992,Mike,Moore,Mike,Morgan
Jon Lieber,Danny Tartabull,1992,Jon,Lieber,Danny,Tartabull
Danny Clyburn,Bobby Bonilla,1992,Danny,Clyburn,Bobby,Bonilla
Chris Smith,Wally Joyner,1992,Chris,Smith,Wally,Joyner
Dwaine Bostic,Mike Morgan,1992,Dwaine,Bostic,Mike,Morgan
Rick Magdelano,Mariano Duncan,1992,Rick,Magdelano,Mariano,Duncan
Marquis Riley,Kirk McCaskill,1992,Marquis,Riley,Kirk,McCaskill
Tom Knauss,Dan Gladden,1992,Tom,Knauss,Dan,Gladden
Gabe Alvarez,Mike Gallego,1992,Gabe,Alvarez,Mike,Gallego
Dwight Maness,Eddie Murray,1992,Dwight,Maness,Eddie,Murray
Chris Carpenter,Tom Henke,1993,Chris,Carpenter,Tom,Henke
Torii Hunter,John Smiley,1993,Torii,Hunter,John,Smiley
Jon Ratliff,Greg Maddux,1993,Jon,Ratliff,Greg,Maddux
Kelly Wunsch,Paul Molitor,1993,Kelly,Wunsch,Paul,Molitor
Kevin Orie,Greg Maddux,1993,Kevin,Orie,Greg,Maddux
Mike Bell,Jose Guzman,1993,Mike,Bell,Jose,Guzman
Josue Estrada,Spike Owen,1993,Josue,Estrada,Spike,Owen
Pat Watkins,Greg Swindell,1993,Pat,Watkins,Greg,Swindell
Marc Barcelo,John Smiley,1993,Marc,Barcelo,John,Smiley
Jermaine Allensworth,Doug Drabek,1993,Jermaine,Allensworth,Doug,Drabek
Todd Dunn,Chris Bosio,1993,Todd,Dunn,Chris,Bosio
Willie Adams,Dave Stewart,1993,Willie,Adams,Dave,Stewart
Matt Farner,David Cone,1993,Matt,Farner,David,Cone
Kelcey Mucker,Greg Gagne,1993,Kelcey,Mucker,Greg,Gagne
Joe Wagner,Paul Molitor,1993,Joe,Wagner,Paul,Molitor
Mark Lukasiewicz,Jimmy Key,1993,Mark,Lukasiewicz,Jimmy,Key
Jeremy Lee,Tom Henke,1993,Jeremy,Lee,Tom,Henke
Charles Rice,Barry Bonds,1993,Charles,Rice,Barry,Bonds
Brian Banks,Chris Bosio,1993,Brian,Banks,Chris,Bosio
Nate Dishington,Todd Worrell,1993,Nate,Dishington,Todd,Worrell
Tony Medrano,David Cone,1993,Tony,Medrano,David,Cone
Edwin Diaz,Jose Guzman,1993,Edwin,Diaz,Jose,Guzman
Kevin Pickford,Doug Drabek,1993,Kevin,Pickford,Doug,Drabek
Martin Mainville,Spike Owen,1993,Martin,Mainville,Spike,Owen
Ryan Jones,Manuel Lee,1993,Ryan,Jones,Manuel,Lee
Mike Moschetti,Dave Stewart,1993,Mike,Moschetti,Dave,Stewart
Macey Brooks,Mike Felder,1993,Macey,Brooks,Mike,Felder
Brett King,Chris James,1993,Brett,King,Chris,James
Troy Carrasco,Greg Gagne,1993,Troy,Carrasco,Greg,Gagne
Steven Wilkerson,Greg Swindell,1993,Steven,Wilkerson,Greg,Swindell
Mike Romano,Jimmy Key,1993,Mike,Romano,Jimmy,Key
Terrence Long,Sid Fernandez,1994,Terrence,Long,Sid,Fernandez
Dante Powell,Will Clark,1994,Dante,Powell,Will,Clark
Scott Elarton,Mark Portugal,1994,Scott,Elarton,Mark,Portugal
Jay Payton,Sid Fernandez,1994,Jay,Payton,Sid,Fernandez
Russ Johnson,Mark Portugal,1994,Russ,Johnson,Mark,Portugal
Mike Thurman,Dennis Martinez,1994,Mike,Thurman,Dennis,Martinez
Jacob Cruz,Will Clark,1994,Jacob,Cruz,Will,Clark
Chris Clemons,Ellis Burks,1994,Chris,Clemons,Ellis,Burks
John Ambrose,Ellis Burks,1994,John,Ambrose,Ellis,Burks
Jason Camilli,Dennis Martinez,1994,Jason,Camilli,Dennis,Martinez
Corey Pointer,Otis Nixon,1994,Corey,Pointer,Otis,Nixon
Matt LeCroy,Charlie O'Brien,1994,Matt,LeCroy,Charlie,O'Brien
Brian Meadows,Walt Weiss,1994,Brian,Meadows,Walt,Weiss
Ken Pumphrey,Howard Johnson,1994,Ken,Pumphrey,Howard,Johnson
Corey Jenkins,Damon Berryhill,1995,Corey,Jenkins,Damon,Berryhill
Chris Haas,Gregg Jefferies,1995,Chris,Haas,Gregg,Jefferies
Dave Coggin,Danny Jackson,1995,Dave,Coggin,Danny,Jackson
Marlon Anderson,Danny Jackson,1995,Marlon,Anderson,Danny,Jackson
Jay Woolf,Gregg Jefferies,1995,Jay,Woolf,Gregg,Jefferies
Brian Buchanan,Matt Nokes,1995,Brian,Buchanan,Matt,Nokes
Joe Lawrence,Roberto Alomar,1996,Joe,Lawrence,Roberto,Alomar
Eric Milton,Randy Velarde,1996,Eric,Milton,Randy,Velarde
Sam Marsonek,Kenny Rogers,1996,Sam,Marsonek,Kenny,Rogers
Pete Tucci,Roberto Alomar,1996,Pete,Tucci,Roberto,Alomar
Corey Lee,Kenny Rogers,1996,Corey,Lee,Kenny,Rogers
Matt McClendon,Ron Gant,1996,Matt,McClendon,Ron,Gant
Chris Reitsma,Erik Hanson,1996,Chris,Reitsma,Erik,Hanson
Buddy Carlyle,Ron Gant,1996,Buddy,Carlyle,Ron,Gant
Gary Locurto,Erik Hanson,1996,Gary,Locurto,Erik,Hanson
Brent Abernathy,Devon White,1996,Brent,Abernathy,Devon,White
Clayton Andrews,Devon White,1996,Clayton,Andrews,Devon,White
Eric DuBose,Mike Bordick,1997,Eric,DuBose,Mike,Bordick
Mark Prior,John Wetteland,1997,Mark,Prior,John,Wetteland
Darnell McDonald,David Wells,1997,Darnell,McDonald,David,Wells
Nathan Haynes,Mike Bordick,1997,Nathan,Haynes,Mike,Bordick
Kyle Kane,Alex Fernandez,1997,Kyle,Kane,Alex,Fernandez
Brett Caradonna,Kevin Tapani,1997,Brett,Caradonna,Kevin,Tapani
Mark Fischer,Roger Clemens,1997,Mark,Fischer,Roger,Clemens
Ntema Ndungidi,David Wells,1997,Ntema,Ndungidi,David,Wells
Chris Stowe,Mel Rojas,1997,Chris,Stowe,Mel,Rojas
Scott Hodges,Moises Alou,1997,Scott,Hodges,Moises,Alou
Jason Romano,Mike Stanton,1997,Jason,Romano,Mike,Stanton
Ryan Bradley,John Wetteland,1997,Ryan,Bradley,John,Wetteland
Jason Fitzgerald,Albert Belle,1997,Jason,Fitzgerald,Albert,Belle
Denny Wagner,Mike Bordick,1997,Denny,Wagner,Mike,Bordick
Aaron Myette,Alex Fernandez,1997,Aaron,Myette,Alex,Fernandez
Bryan Hebson,Mel Rojas,1997,Bryan,Hebson,Mel,Rojas
Tom Pittman,Moises Alou,1997,Tom,Pittman,Moises,Alou
Jim Parque,Alex Fernandez,1997,Jim,Parque,Alex,Fernandez
T.J. Tucker,Mel Rojas,1997,T.J.,Tucker,Mel,Rojas
Shane Arthurs,Moises Alou,1997,Shane,Arthurs,Moises,Alou
Brandon Parker,Dave Hollins,1997,Brandon,Parker,Dave,Hollins
Aaron Capista,Roger Clemens,1997,Aaron,Capista,Roger,Clemens
Jeff Weaver,Kevin Tapani,1997,Jeff,Weaver,Kevin,Tapani
Edgar Cruz,Albert Belle,1997,Edgar,Cruz,Albert,Belle
Chris Tynan,Mike Stanton,1997,Chris,Tynan,Mike,Stanton
Steve Colyer,Delino DeShields,1997,Steve,Colyer,Delino,DeShields
Jason Henry,Jimmy Key,1997,Jason,Henry,Jimmy,Key
Brad Lidge,Darryl Kile,1998,Brad,Lidge,Darryl,Kile
Tony Torcato,Doug Henry,1998,Tony,Torcato,Doug,Henry
Matt Roney,Andres Galarraga,1998,Matt,Roney,Andres,Galarraga
Arturo McDowell,Roberto Hernandez,1998,Arturo,McDowell,Roberto,Hernandez
Matt Burch,Jay Bell,1998,Matt,Burch,Jay,Bell
Chris George,Jay Bell,1998,Chris,George,Jay,Bell
Ben Diggins,Dennis Eckersley,1998,Ben,Diggins,Dennis,Eckersley
Brad Wilkerson,Darrin Fletcher,1998,Brad,Wilkerson,Darrin,Fletcher
Nate Cornejo,Willie Blair,1998,Nate,Cornejo,Willie,Blair
Aaron Rowand,Dave Martinez,1998,Aaron,Rowand,Dave,Martinez
Choo Freeman,Andres Galarraga,1998,Choo,Freeman,Andres,Galarraga
Mike Nannini,Darryl Kile,1998,Mike,Nannini,Darryl,Kile
Chris Jones,Roberto Hernandez,1998,Chris,Jones,Roberto,Hernandez
Mamon Tucker,Randy Myers,1998,Mamon,Tucker,Randy,Myers
Jeff Winchester,Walt Weiss,1998,Jeff,Winchester,Walt,Weiss
Jeff Urban,Wilson Alvarez,1998,Jeff,Urban,Wilson,Alvarez
Ben Knapp,Randy Myers,1998,Ben,Knapp,Randy,Myers
Matt Belisle,Greg Myers,1998,Matt,Belisle,Greg,Myers
Tim Lemon,Dennis Eckersley,1998,Tim,Lemon,Dennis,Eckersley
Jeff Goldbach,Dave Clark,1998,Jeff,Goldbach,Dave,Clark
Jody Gerut,Walt Weiss,1998,Jody,Gerut,Walt,Weiss
Chris Magruder,Wilson Alvarez,1998,Chris,Magruder,Wilson,Alvarez
Adam Pettyjohn,Willie Blair,1998,Adam,Pettyjohn,Willie,Blair
Clyde Williams,Darrin Fletcher,1998,Clyde,Williams,Darrin,Fletcher
Dan Mozingo,Dave Martinez,1998,Dan,Mozingo,Dave,Martinez
Rick Asadoorian,Mo Vaughn,1999,Rick,Asadoorian,Mo,Vaughn
Rich Stahl,Eric Davis,1999,Rich,Stahl,Eric,Davis
Vince Faison,Kevin Brown,1999,Vince,Faison,Kevin,Brown
Larry Bigbie,Rafael Palmeiro,1999,Larry,Bigbie,Rafael,Palmeiro
Matt Ginter,Robin Ventura,1999,Matt,Ginter,Robin,Ventura
Keith Reed,Roberto Alomar,1999,Keith,Reed,Roberto,Alomar
Mike MacDougal,Jose Offerman,1999,Mike,MacDougal,Jose,Offerman
Omar Ortiz,Ken Caminiti,1999,Omar,Ortiz,Ken,Caminiti
Chance Caple,Brian Jordan,1999,Chance,Caple,Brian,Jordan
Casey Daigle,Devon White,1999,Casey,Daigle,Devon,White
Jay Gehrke,Jose Offerman,1999,Jay,Gehrke,Jose,Offerman
Jeff Heaverlo,Mike Timlin,1999,Jeff,Heaverlo,Mike,Timlin
Josh Cenate,Roberto Alomar,1999,Josh,Cenate,Roberto,Alomar
Brian West,Albert Belle,1999,Brian,West,Albert,Belle
Nick Stocks,Brian Jordan,1999,Nick,Stocks,Brian,Jordan
Jason Repko,Scott Radinsky,1999,Jason,Repko,Scott,Radinsky
Colby Lewis,Todd Stottlemyre,1999,Colby,Lewis,Todd,Stottlemyre
Jerome Williams,Jose Mesa,1999,Jerome,Williams,Jose,Mesa
Brad Baker,Mo Vaughn,1999,Brad,Baker,Mo,Vaughn
Casey Burns,Kevin Brown,1999,Casey,Burns,Kevin,Brown
Mike Rosamond,Randy Johnson,1999,Mike,Rosamond,Randy,Johnson
Jimmy Gobble,Dean Palmer,1999,Jimmy,Gobble,Dean,Palmer
Scott Rice,Eric Davis,1999,Scott,Rice,Eric,Davis
Rob Purvis,Robin Ventura,1999,Rob,Purvis,Robin,Ventura
Chris Duncan,Delino DeShields,1999,Chris,Duncan,Delino,DeShields
David Mead,Will Clark,1999,David,Mead,Will,Clark
Casey Fossum,Greg Swindell,1999,Casey,Fossum,Greg,Swindell
Mike Bynum,Ken Caminiti,1999,Mike,Bynum,Ken,Caminiti
Brian Roberts,Rafael Palmeiro,1999,Brian,Roberts,Rafael,Palmeiro
Nick Trzesniak,Steve Finley,1999,Nick,Trzesniak,Steve,Finley
Brian Sanches,Dean Palmer,1999,Brian,Sanches,Dean,Palmer
Jay Perez,Randy Johnson,1999,Jay,Perez,Randy,Johnson
J.T. Thomas,Jose Mesa,1999,J.T.,Thomas,Jose,Mesa
Dan Wright,Albert Belle,1999,Dan,Wright,Albert,Belle
Brennan King,Scott Radinsky,1999,Brennan,King,Scott,Radinsky
Jeremy Ward,Devon White,1999,Jeremy,Ward,Devon,White
Josh Pearce,Tom Lampkin,1999,Josh,Pearce,Tom,Lampkin
Drew Meyer,Brian Bohanon,1999,Drew,Meyer,Brian,Bohanon
Jake Joseph,Armando Reynoso,1999,Jake,Joseph,Armando,Reynoso
Rich Rundles,Greg Swindell,1999,Rich,Rundles,Greg,Swindell
Sheldon Fulse,Mike Timlin,1999,Sheldon,Fulse,Mike,Timlin
Jon Kessick,Alan Mills,1999,Jon,Kessick,Alan,Mills
Kevin Mench,Todd Stottlemyre,1999,Kevin,Mench,Todd,Stottlemyre
Ben Johnson,Delino DeShields,1999,Ben,Johnson,Delino,DeShields
Billy Traber,John Olerud,2000,Billy,Traber,John,Olerud
Chris Bootcheck,Mike Magnante,2000,Chris,Bootcheck,Mike,Magnante
Blake Williams,Darren Oliver,2000,Blake,Williams,Darren,Oliver
Scott Heard,Todd Zeile,2000,Scott,Heard,Todd,Zeile
Adam Wainwright,Russ Springer,2000,Adam,Wainwright,Russ,Springer
Tripper Johnson,Arthur Rhodes,2000,Tripper,Johnson,Arthur,Rhodes
Dustin McGowan,Graeme Lloyd,2000,Dustin,McGowan,Graeme,Lloyd
Dustin Moseley,Juan Guzman,2000,Dustin,Moseley,Juan,Guzman
Tyrell Godwin,Aaron Sele,2000,Tyrell,Godwin,Aaron,Sele
Bobby Keppel,John Olerud,2000,Bobby,Keppel,John,Olerud
Derek Thompson,Michael Jackson,2000,Derek,Thompson,Michael,Jackson
Kelly Johnson,Jose Hernandez,2000,Kelly,Johnson,Jose,Hernandez
Chad Hawkins,Todd Zeile,2000,Chad,Hawkins,Todd,Zeile
Aaron Herr,Russ Springer,2000,Aaron,Herr,Russ,Springer
Peter Bauer,Graeme Lloyd,2000,Peter,Bauer,Graeme,Lloyd
Dane Sardinha,Juan Guzman,2000,Dane,Sardinha,Juan,Guzman
Bubba Nelson,Jose Hernandez,2000,Bubba,Nelson,Jose,Hernandez
J.D. Durbin,Mike Trombley,2000,J.D.,Durbin,Mike,Trombley
Brian Tallet,Michael Jackson,2000,Brian,Tallet,Michael,Jackson
Jason Bourgeois,Aaron Sele,2000,Jason,Bourgeois,Aaron,Sele
Nic Jackson,Steve Trachsel,2000,Nic,Jackson,Steve,Trachsel
Tommy Arko,Arthur Rhodes,2000,Tommy,Arko,Arthur,Rhodes
Zach Miner,Gerald Williams,2000,Zach,Miner,Gerald,Williams
Kris Honel,Charles Johnson,2001,Kris,Honel,Charles,Johnson
Dan Denham,Manny Ramirez,2001,Dan,Denham,Manny,Ramirez
Aaron Heilman,Mike Hampton,2001,Aaron,Heilman,Mike,Hampton
Mike Fontenot,Mike Mussina,2001,Mike,Fontenot,Mike,Mussina
Brad Hennessey,Ellis Burks,2001,Brad,Hennessey,Ellis,Burks
John-Ford Griffin,Jeff Nelson,2001,John-Ford,Griffin,Jeff,Nelson
Macay McBride,Andy Ashby,2001,Macay,McBride,Andy,Ashby
Jeremy Bonderman,Kevin Appier,2001,Jeremy,Bonderman,Kevin,Appier
Micah Schilling,Sandy Alomar,2001,Micah,Schilling,Sandy,Alomar
Bryan Bass,Mike Mussina,2001,Bryan,Bass,Mike,Mussina
Michael Woods,Juan Gonzalez,2001,Michael,Woods,Juan,Gonzalez
Jeff Mathis,Mark Petkovsek,2001,Jeff,Mathis,Mark,Petkovsek
Bronson Sardinha,Denny Neagle,2001,Bronson,Sardinha,Denny,Neagle
J.D. Martin,Manny Ramirez,2001,J.D.,Martin,Manny,Ramirez
Michael Garciaparra,Alex Rodriguez,2001,Michael,Garciaparra,Alex,Rodriguez
John Rheinecker,Kevin Appier,2001,John,Rheinecker,Kevin,Appier
David Wright,Mike Hampton,2001,David,Wright,Mike,Hampton
Wyatt Allen,Charles Johnson,2001,Wyatt,Allen,Charles,Johnson
Richard Lewis,Andy Ashby,2001,Richard,Lewis,Andy,Ashby
Todd Linden,Ellis Burks,2001,Todd,Linden,Ellis,Burks
Jon Skaggs,Jeff Nelson,2001,Jon,Skaggs,Jeff,Nelson
Mike Conroy,David Segui,2001,Mike,Conroy,David,Segui
Kelly Shoppach,Rheal Cormier,2001,Kelly,Shoppach,Rheal,Cormier
Rene Rivera,Alex Rodriguez,2001,Rene,Rivera,Alex,Rodriguez
Jake Dittler,David Segui,2001,Jake,Dittler,David,Segui
Jason Arnold,Denny Neagle,2001,Jason,Arnold,Denny,Neagle
Matt Coenen,Juan Gonzalez,2001,Matt,Coenen,Juan,Gonzalez
David Taylor,Julian Tavarez,2001,David,Taylor,Julian,Tavarez
Corey Ragsdale,Bobby Jones,2001,Corey,Ragsdale,Bobby,Jones
Lazaro Abreu,Jose Mesa,2001,Lazaro,Abreu,Jose,Mesa
Steven Shell,Mark Petkovsek,2001,Steven,Shell,Mark,Petkovsek
Nick Swisher,Johnny Damon,2002,Nick,Swisher,Johnny,Damon
Joe Blanton,Jason Giambi,2002,Joe,Blanton,Jason,Giambi
Ben Fritz,Jason Isringhausen,2002,Ben,Fritz,Jason,Isringhausen
Greg Miller,Chan Ho Park,2002,Greg,Miller,Chan Ho,Park
Luke Hagerty,David Weathers,2002,Luke,Hagerty,David,Weathers
Matt Whitney,Juan Gonzalez,2002,Matt,Whitney,Juan,Gonzalez
Dan Meyer,Steve Karsay,2002,Dan,Meyer,Steve,Karsay
Jeremy Brown,Jason Giambi,2002,Jeremy,Brown,Jason,Giambi
Chadd Blasko,Rondell White,2002,Chadd,Blasko,Rondell,White
Steve Obenchain,Jason Isringhausen,2002,Steve,Obenchain,Jason,Isringhausen
Matt Clanton,Todd Van Poppel,2002,Matt,Clanton,Todd,Van Poppel
Mark Teahen,Johnny Damon,2002,Mark,Teahen,Johnny,Damon
Zach Hammes,Chan Ho Park,2002,Zach,Hammes,Chan Ho,Park
Brian Dopirak,David Weathers,2002,Brian,Dopirak,David,Weathers
Tyler Greene,Steve Karsay,2002,Tyler,Greene,Steve,Karsay
Brandon Weeden,Tino Martinez,2002,Brandon,Weeden,Tino,Martinez
Pat Osborn,Marty Cordova,2002,Pat,Osborn,Marty,Cordova
Jason Cooper,Juan Gonzalez,2002,Jason,Cooper,Juan,Gonzalez
Matt Pender,Roger Cedeno,2002,Matt,Pender,Roger,Cedeno
Matt Craig,Rondell White,2002,Matt,Craig,Rondell,White
Rich Hill,Todd Van Poppel,2002,Rich,Hill,Todd,Van Poppel
Brad Snyder,Jim Thome,2003,Brad,Snyder,Jim,Thome
Conor Jackson,Greg Colbrunn,2003,Conor,Jackson,Greg,Colbrunn
David Aardsma,Jeff Kent,2003,David,Aardsma,Jeff,Kent
Brian Snyder,Ray Durham,2003,Brian,Snyder,Ray,Durham
Mitch Maier,Paul Byrd,2003,Mitch,Maier,Paul,Byrd
Adam Miller,Jim Thome,2003,Adam,Miller,Jim,Thome
Matt Murton,Cliff Floyd,2003,Matt,Murton,Cliff,Floyd
Omar Quintanilla,Ray Durham,2003,Omar,Quintanilla,Ray,Durham
Craig Whitaker,Jeff Kent,2003,Craig,Whitaker,Jeff,Kent
Luis Atilano,Tom Glavine,2003,Luis,Atilano,Tom,Glavine
Jarrod Saltalamacchia,Mike Remlinger,2003,Jarrod,Saltalamacchia,Mike,Remlinger
Jo-Jo Reyes,Mike Remlinger,2003,Jo-Jo,Reyes,Mike,Remlinger
Abe Alvarez,Cliff Floyd,2003,Abe,Alvarez,Cliff,Floyd
Jake Stevens,Tom Glavine,2003,Jake,Stevens,Tom,Glavine
Glen Perkins,Eddie Guardado,2004,Glen,Perkins,Eddie,Guardado
Phil Hughes,Andy Pettitte,2004,Phil,Hughes,Andy,Pettitte
Landon Powell,Keith Foulke,2004,Landon,Powell,Keith,Foulke
Kyle Waldrop,LaTroy Hawkins,2004,Kyle,Waldrop,LaTroy,Hawkins
Blake DeWitt,Paul Quantrill,2004,Blake,DeWitt,Paul,Quantrill
Matt Campbell,Michael Tucker,2004,Matt,Campbell,Michael,Tucker
Eric Hurley,John Thomson,2004,Eric,Hurley,John,Thomson
J.P. Howell,Raul Ibanez,2004,J.P.,Howell,Raul,Ibanez
Zach Jackson,Kelvim Escobar,2004,Zach,Jackson,Kelvim,Escobar
Justin Orenduff,Paul Quantrill,2004,Justin,Orenduff,Paul,Quantrill
Tyler Lumsden,Bartolo Colon,2004,Tyler,Lumsden,Bartolo,Colon
Matt Fox,Eddie Guardado,2004,Matt,Fox,Eddie,Guardado
Danny Putnam,Keith Foulke,2004,Danny,Putnam,Keith,Foulke
Jon Poterson,Andy Pettitte,2004,Jon,Poterson,Andy,Pettitte
Gio Gonzalez,Tom Gordon,2004,Gio,Gonzalez,Tom,Gordon
Jay Rainville,LaTroy Hawkins,2004,Jay,Rainville,LaTroy,Hawkins
Huston Street,Miguel Tejada,2004,Huston,Street,Miguel,Tejada
Jeff Marquez,David Wells,2004,Jeff,Marquez,David,Wells
Brett Smith,David Wells,2004,Brett,Smith,David,Wells
Michael Rogers,Miguel Tejada,2004,Michael,Rogers,Miguel,Tejada
Wes Whisler,Bartolo Colon,2004,Wes,Whisler,Bartolo,Colon
Erik Cordier,Raul Ibanez,2004,Erik,Cordier,Raul,Ibanez
Ray Liotta,Tom Gordon,2004,Ray,Liotta,Tom,Gordon
Adam Lind,Kelvim Escobar,2004,Adam,Lind,Kelvim,Escobar
C.J. Henry,Jon Lieber,2005,C.J.,Henry,Jon,Lieber
Aaron Thompson,Armando Benitez,2005,Aaron,Thompson,Armando,Benitez
Jacoby Ellsbury,Orlando Cabrera,2005,Jacoby,Ellsbury,Orlando,Cabrera
Craig Hansen,Derek Lowe,2005,Craig,Hansen,Derek,Lowe
Colby Rasmus,Edgar Renteria,2005,Colby,Rasmus,Edgar,Renteria
Jacob Marceaux,Carl Pavano,2005,Jacob,Marceaux,Carl,Pavano
Matt Torra,Richie Sexson,2005,Matt,Torra,Richie,Sexson
Chaz Roe,Vinny Castilla,2005,Chaz,Roe,Vinny,Castilla
Johnny Drennen,Omar Vizquel,2005,Johnny,Drennen,Omar,Vizquel
Ryan Tucker,Armando Benitez,2005,Ryan,Tucker,Armando,Benitez
Cesar Ramos,David Wells,2005,Cesar,Ramos,David,Wells
Travis Buck,Damian Miller,2005,Travis,Buck,Damian,Miller
Trevor Bell,Troy Percival,2005,Trevor,Bell,Troy,Percival
Eli Iorg,Carlos Beltran,2005,Eli,Iorg,Carlos,Beltran
Hank Sanchez,Corey Koskie,2005,Hank,Sanchez,Corey,Koskie
Luke Hochevar,Adrian Beltre,2005,Luke,Hochevar,Adrian,Beltre
Beau Jones,Jaret Wright,2005,Beau,Jones,Jaret,Wright
Clay Buchholz,Pedro Martinez,2005,Clay,Buchholz,Pedro,Martinez
Mark McCormick,Edgar Renteria,2005,Mark,McCormick,Edgar,Renteria
Sean West,Carl Pavano,2005,Sean,West,Carl,Pavano
Jed Lowrie,Orlando Cabrera,2005,Jed,Lowrie,Orlando,Cabrera
Tyler Herron,Mike Matheny,2005,Tyler,Herron,Mike,Matheny
Michael Bowden,Derek Lowe,2005,Michael,Bowden,Derek,Lowe
Ivan De Jesus,Adrian Beltre,2005,Ivan,De Jesus,Adrian,Beltre
Daniel Carte,Vinny Castilla,2005,Daniel,Carte,Vinny,Castilla
Craig Italiano,Damian Miller,2005,Craig,Italiano,Damian,Miller
Paul Kelly,Corey Koskie,2005,Paul,Kelly,Corey,Koskie
Jonathan Egan,Pedro Martinez,2005,Jonathan,Egan,Pedro,Martinez
Ryan Mount,Troy Percival,2005,Ryan,Mount,Troy,Percival
J.B. Cox,Orlando Hernandez,2005,J.B.,Cox,Orlando,Hernandez
Josh Wilson,Mike Matheny,2005,Josh,Wilson,Mike,Matheny
Nick Hundley,David Wells,2005,Nick,Hundley,David,Wells
Jeff Lyman,Jaret Wright,2005,Jeff,Lyman,Jaret,Wright
Brett Hayes,Mike Redmond,2005,Brett,Hayes,Mike,Redmond
Drew Thompson,Henry Blanco,2005,Drew,Thompson,Henry,Blanco
Micah Owings,Richie Sexson,2005,Micah,Owings,Richie,Sexson
Brian Duensing,Cristian Guzman,2005,Brian,Duensing,Cristian,Guzman
Tommy Manzella,Carlos Beltran,2005,Tommy,Manzella,Carlos,Beltran
Jensen Lewis,Omar Vizquel,2005,Jensen,Lewis,Omar,Vizquel
Mike Billek,Matt Clement,2005,Mike,Billek,Matt,Clement
Kyle Drabek,Billy Wagner,2006,Kyle,Drabek,Billy,Wagner
Ian Kennedy,Tom Gordon,2006,Ian,Kennedy,Tom,Gordon
Colton Willems,Esteban Loaiza,2006,Colton,Willems,Esteban,Loaiza
Hank Conger,Paul Byrd,2006,Hank,Conger,Paul,Byrd
Bryan Morris,Jeff Weaver,2006,Bryan,Morris,Jeff,Weaver
Daniel Bard,Johnny Damon,2006,Daniel,Bard,Johnny,Damon
Preston Mattingly,Jeff Weaver,2006,Preston,Mattingly,Jeff,Weaver
Pedro Beato,B.J. Ryan,2006,Pedro,Beato,B.J.,Ryan
Emmanuel Burriss,Scott Eyre,2006,Emmanuel,Burriss,Scott,Eyre
Brooks Brown,Tim Worrell,2006,Brooks,Brown,Tim,Worrell
Kyler Burke,Ramon Hernandez,2006,Kyler,Burke,Ramon,Hernandez
Chris Coghlan,A.J. Burnett,2006,Chris,Coghlan,A.J.,Burnett
Adrian Cardenas,Billy Wagner,2006,Adrian,Cardenas,Billy,Wagner
Cory Rasmus,Kyle Farnsworth,2006,Cory,Rasmus,Kyle,Farnsworth
David Huff,Bob Howry,2006,David,Huff,Bob,Howry
Kris Johnson,Johnny Damon,2006,Kris,Johnson,Johnny,Damon
Joba Chamberlain,Tom Gordon,2006,Joba,Chamberlain,Tom,Gordon
Chris Perez,Matt Morris,2006,Chris,Perez,Matt,Morris
Steve Evarts,Rafael Furcal,2006,Steve,Evarts,Rafael,Furcal
Caleb Clay,Bill Mueller,2006,Caleb,Clay,Bill,Mueller
Jeff Locke,Rafael Furcal,2006,Jeff,Locke,Rafael,Furcal
Chad Huffman,Ramon Hernandez,2006,Chad,Huffman,Ramon,Hernandez
Brad Furnish,Matt Morris,2006,Brad,Furnish,Matt,Morris
Steven Wright,Kevin Millwood,2006,Steven,Wright,Kevin,Millwood
Josh Rodriguez,Bob Howry,2006,Josh,Rodriguez,Bob,Howry
Ryan Adams,B.J. Ryan,2006,Ryan,Adams,B.J.,Ryan
Stephen Englund,Hector Carrasco,2006,Stephen,Englund,Hector,Carrasco
Chase Fontaine,Kyle Farnsworth,2006,Chase,Fontaine,Kyle,Farnsworth
Matt McBride,Scott Elarton,2006,Matt,McBride,Scott,Elarton
Mark Hamilton,Abraham Nunez,2006,Mark,Hamilton,Abraham,Nunez
Aaron Bates,Bill Mueller,2006,Aaron,Bates,Bill,Mueller
Dallas Buck,Tim Worrell,2006,Dallas,Buck,Tim,Worrell
Clayton Tanner,Scott Eyre,2006,Clayton,Tanner,Scott,Eyre
Torre Langley,A.J. Burnett,2006,Torre,Langley,A.J.,Burnett
Whitney Robbins,Jacque Jones,2006,Whitney,Robbins,Jacque,Jones
Kevin Ahrens,Frank Catalanotto,2007,Kevin,Ahrens,Frank,Catalanotto
Blake Beavan,Carlos Lee,2007,Blake,Beavan,Carlos,Lee
Chris Withrow,Julio Lugo,2007,Chris,Withrow,Julio,Lugo
Tim Alderson,Jason Schmidt,2007,Tim,Alderson,Jason,Schmidt
Michael Main,Gary Matthews,2007,Michael,Main,Gary,Matthews
Wendell Fairley,Moises Alou,2007,Wendell,Fairley,Moises,Alou
Josh Smoker,Alfonso Soriano,2007,Josh,Smoker,Alfonso,Soriano
Nick Noonan,Moises Alou,2007,Nick,Noonan,Moises,Alou
Jon Gilmore,Danys B�ez,2007,Jon,Gilmore,Danys,B�ez
Todd Frazier,Rich Aurilia,2007,Todd,Frazier,Rich,Aurilia
Julio Borbon,Carlos Lee,2007,Julio,Borbon,Carlos,Lee
Clayton Mortensen,Jeff Suppan,2007,Clayton,Mortensen,Jeff,Suppan
Travis d'Arnaud,David Dellucci,2007,Travis,d'Arnaud,David,Dellucci
Brett Cecil,Justin Speier,2007,Brett,Cecil,Justin,Speier
James Adkins,Julio Lugo,2007,James,Adkins,Julio,Lugo
Kellen Kulbacki,Woody Williams,2007,Kellen,Kulbacki,Woody,Williams
Sean Doolittle,Barry Zito,2007,Sean,Doolittle,Barry,Zito
Eddie Kunz,Roberto Hernandez,2007,Eddie,Kunz,Roberto,Hernandez
Jackson Williams,Jason Schmidt,2007,Jackson,Williams,Jason,Schmidt
Neil Ramirez,Gary Matthews,2007,Neil,Ramirez,Gary,Matthews
Justin Jackson,Frank Catalanotto,2007,Justin,Jackson,Frank,Catalanotto
Drew Cumberland,Dave Roberts,2007,Drew,Cumberland,Dave,Roberts
Nathan Vineyard,Chad Bradford,2007,Nathan,Vineyard,Chad,Bradford
Josh Donaldson,Juan Pierre,2007,Josh,Donaldson,Juan,Pierre
Michael Burgess,Jose Guillen,2007,Michael,Burgess,Jose,Guillen
Wes Roemer,Craig Counsell,2007,Wes,Roemer,Craig,Counsell
Charlie Culberson,Mike Stanton,2007,Charlie,Culberson,Mike,Stanton
Matt Mangini,Gil Meche,2007,Matt,Mangini,Gil,Meche
Kyle Lotzkar,Scott Schoeneweis,2007,Kyle,Lotzkar,Scott,Schoeneweis
Tommy Hunter,Mark DeRosa,2007,Tommy,Hunter,Mark,DeRosa
Nick Hagadone,Alex Gonzalez,2007,Nick,Hagadone,Alex,Gonzalez
Trystan Magnuson,Ted Lilly,2007,Trystan,Magnuson,Ted,Lilly
Mitch Canham,Chan Ho Park,2007,Mitch,Canham,Chan Ho,Park
Jon Bachanov,Adam Kennedy,2007,Jon,Bachanov,Adam,Kennedy
Corey Brown,Frank Thomas,2007,Corey,Brown,Frank,Thomas
Brandon Hamilton,Jamie Walker,2007,Brandon,Hamilton,Jamie,Walker
Ed Easley,Miguel Batista,2007,Ed,Easley,Miguel,Batista
Ryan Dent,Keith Foulke,2007,Ryan,Dent,Keith,Foulke
Cory Luebke,Alan Embree,2007,Cory,Luebke,Alan,Embree
Danny Payne,Ryan Klesko,2007,Danny,Payne,Ryan,Klesko
Jordan Zimmermann,Alfonso Soriano,2007,Jordan,Zimmermann,Alfonso,Soriano
Josh Fields,Danys B�ez,2007,Josh,Fields,Danys,B�ez
David Kopp,Jeff Suppan,2007,David,Kopp,Jeff,Suppan
Grant Desme,Barry Zito,2007,Grant,Desme,Barry,Zito
Scott Moviel,Roberto Hernandez,2007,Scott,Moviel,Roberto,Hernandez
Eric Sogard,Woody Williams,2007,Eric,Sogard,Woody,Williams
Eric Eiland,Justin Speier,2007,Eric,Eiland,Justin,Speier
Eric Niesen,Chad Bradford,2007,Eric,Niesen,Chad,Bradford
Scott Carroll,Rich Aurilia,2007,Scott,Carroll,Rich,Aurilia
Jonathan Pettibone,David Dellucci,2007,Jonathan,Pettibone,David,Dellucci
Corey Kluber,Dave Roberts,2007,Corey,Kluber,Dave,Roberts
Ike Davis,Tom Glavine,2008,Ike,Davis,Tom,Glavine
Carlos Gutierrez,Torii Hunter,2008,Carlos,Gutierrez,Torii,Hunter
Shooter Hunt,Torii Hunter,2008,Shooter,Hunt,Torii,Hunter
Jake Odorizzi,Francisco Cordero,2008,Jake,Odorizzi,Francisco,Cordero
Zach Collier,Aaron Rowand,2008,Zach,Collier,Aaron,Rowand
Evan Frederickson,Scott Linebrink,2008,Evan,Frederickson,Scott,Linebrink
Conor Gillaspie,Pedro Feliz,2008,Conor,Gillaspie,Pedro,Feliz
Jordan Lyles,Trever Miller,2008,Jordan,Lyles,Trever,Miller
Lance Lynn,Troy Percival,2008,Lance,Lynn,Troy,Percival
Brett DeVall,Ron Mahay,2008,Brett,DeVall,Ron,Mahay
Ryan Flaherty,Jason Kendall,2008,Ryan,Flaherty,Jason,Kendall
Wade Miley,Liv�n Hern�ndez,2008,Wade,Miley,Liv�n,Hern�ndez
Jeremy Bleich,Luis Vizcaino,2008,Jeremy,Bleich,Luis,Vizcaino
Bryan Price,Eric Gagne,2008,Bryan,Price,Eric,Gagne
Logan Forsythe,Doug Brocail,2008,Logan,Forsythe,Doug,Brocail
Anthony Gose,Aaron Rowand,2008,Anthony,Gose,Aaron,Rowand
AJ Pollock,Orlando Hudson,2009,AJ,Pollock,Orlando,Hudson
Randal Grichuk,Francisco Rodriguez,2009,Randal,Grichuk,Francisco,Rodriguez
Mike Trout,Mark Teixeira,2009,Mike,Trout,Mark,Teixeira
Nick Franklin,Raul Ibanez,2009,Nick,Franklin,Raul,Ibanez
Tim Wheeler,Brian Fuentes,2009,Tim,Wheeler,Brian,Fuentes
Steven Baron,Raul Ibanez,2009,Steven,Baron,Raul,Ibanez
Rex Brothers,Brian Fuentes,2009,Rex,Brothers,Brian,Fuentes
Matt Davidson,Orlando Hudson,2009,Matt,Davidson,Orlando,Hudson
Aaron Miller,Derek Lowe,2009,Aaron,Miller,Derek,Lowe
Noah Syndergaard,A.J. Burnett,2009,Noah,Syndergaard,A.J.,Burnett
Josh Phegley,Orlando Cabrera,2009,Josh,Phegley,Orlando,Cabrera
Kentrail Davis,CC Sabathia,2009,Kentrail,Davis,CC,Sabathia
Tyler Skaggs,Mark Teixeira,2009,Tyler,Skaggs,Mark,Teixeira
Chris Owings,Juan Cruz,2009,Chris,Owings,Juan,Cruz
Garrett Richards,Francisco Rodriguez,2009,Garrett,Richards,Francisco,Rodriguez
Brad Boxberger,Jeremy Affeldt,2009,Brad,Boxberger,Jeremy,Affeldt
Tanner Scheppers,Milton Bradley,2009,Tanner,Scheppers,Milton,Bradley
Mike Belfiore,Brandon Lyon,2009,Mike,Belfiore,Brandon,Lyon
Matt Bashore,Dennys Reyes,2009,Matt,Bashore,Dennys,Reyes
Kyle Heckathorn,Brian Shouse,2009,Kyle,Heckathorn,Brian,Shouse
Tyler Kehrer,Jon Garland,2009,Tyler,Kehrer,Jon,Garland
Blake Smith,Derek Lowe,2009,Blake,Smith,Derek,Lowe
Eric Smith,Juan Cruz,2009,Eric,Smith,Juan,Cruz
Trayce Thompson,Orlando Cabrera,2009,Trayce,Thompson,Orlando,Cabrera
Max Walla,CC Sabathia,2009,Max,Walla,CC,Sabathia
Jake Marisnick,A.J. Burnett,2009,Jake,Marisnick,A.J.,Burnett
Kaleb Cowart,Chone Figgins,2010,Kaleb,Cowart,Chone,Figgins
Mike Foltynewicz,Jose Valverde,2010,Mike,Foltynewicz,Jose,Valverde
Kolbrin Vitek,Billy Wagner,2010,Kolbrin,Vitek,Billy,Wagner
Cam Bedrosian,John Lackey,2010,Cam,Bedrosian,John,Lackey
Mike Kvasnicka,Jose Valverde,2010,Mike,Kvasnicka,Jose,Valverde
Aaron Sanchez,Marco Scutaro,2010,Aaron,Sanchez,Marco,Scutaro
Matt Lipka,Mike Gonzalez,2010,Matt,Lipka,Mike,Gonzalez
Bryce Brentz,Billy Wagner,2010,Bryce,Brentz,Billy,Wagner
Taylor Lindsey,Chone Figgins,2010,Taylor,Lindsey,Chone,Figgins
Anthony Ranaudo,Jason Bay,2010,Anthony,Ranaudo,Jason,Bay
Ryan Bolden,John Lackey,2010,Ryan,Bolden,John,Lackey
Asher Wojciechowski,Rod Barajas,2010,Asher,Wojciechowski,Rod,Barajas
Drew Vettleson,Gregg Zaun,2010,Drew,Vettleson,Gregg,Zaun
Taijuan Walker,Adrian Beltre,2010,Taijuan,Walker,Adrian,Beltre
Nick Castellanos,Brandon Lyon,2010,Nick,Castellanos,Brandon,Lyon
Luke Jackson,Ivan Rodriguez,2010,Luke,Jackson,Ivan,Rodriguez
Seth Blair,Mark DeRosa,2010,Seth,Blair,Mark,DeRosa
Pete Tago,Jason Marquis,2010,Pete,Tago,Jason,Marquis
Chance Ruffin,Fernando Rodney,2010,Chance,Ruffin,Fernando,Rodney
Mike Olt,Marlon Byrd,2010,Mike,Olt,Marlon,Byrd
Tyrell Jenkins,Joel Pineiro,2010,Tyrell,Jenkins,Joel,Pineiro
Todd Cunningham,Mike Gonzalez,2010,Todd,Cunningham,Mike,Gonzalez
Brandon Workman,Jason Bay,2010,Brandon,Workman,Jason,Bay
Justin Nicolino,Marco Scutaro,2010,Justin,Nicolino,Marco,Scutaro
Matt Barnes,Victor Martinez,2011,Matt,Barnes,Victor,Martinez
Alex Meyer,Adam Dunn,2011,Alex,Meyer,Adam,Dunn
Taylor Guerrieri,Carl Crawford,2011,Taylor,Guerrieri,Carl,Crawford
Blake Swihart,Adrian Beltre,2011,Blake,Swihart,Adrian,Beltre
Mikie Mahtook,Rafael Soriano,2011,Mikie,Mahtook,Rafael,Soriano
Kevin Matthews,Cliff Lee,2011,Kevin,Matthews,Cliff,Lee
Brian Goodwin,Adam Dunn,2011,Brian,Goodwin,Adam,Dunn
Jacob Anderson,Scott Downs,2011,Jacob,Anderson,Scott,Downs
Henry Owens,Victor Martinez,2011,Henry,Owens,Victor,Martinez
Zach Cone,Cliff Lee,2011,Zach,Cone,Cliff,Lee
Brandon Martin,Rafael Soriano,2011,Brandon,Martin,Rafael,Soriano
Larry Greene,Jayson Werth,2011,Larry,Greene,Jayson,Werth
Jackie Bradley Jr.,Adrian Beltre,2011,Jackie,Bradley,Adrian,Beltre
Tyler Goeddel,Carl Crawford,2011,Tyler,Goeddel,Carl,Crawford
Jeff Ames,Grant Balfour,2011,Jeff,Ames,Grant,Balfour
Andrew Chafin,Adam LaRoche,2011,Andrew,Chafin,Adam,LaRoche
Michael Fulmer,Pedro Feliciano,2011,Michael,Fulmer,Pedro,Feliciano
Trevor Story,Octavio Dotel,2011,Trevor,Story,Octavio,Dotel
Joe Musgrove,John Buck,2011,Joe,Musgrove,John,Buck
Keenyn Walker,J.J. Putz,2011,Keenyn,Walker,J.J.,Putz
Michael Kelly,Jon Garland,2011,Michael,Kelly,Jon,Garland
Kyle Crick,Juan Uribe,2011,Kyle,Crick,Juan,Uribe
Travis Harrison,Orlando Hudson,2011,Travis,Harrison,Orlando,Hudson
Dante Bichette,Javier Vazquez,2011,Dante,Bichette,Javier,Vazquez
Blake Snell,Brad Hawpe,2011,Blake,Snell,Brad,Hawpe
Dwight Smith Jr.,Kevin Gregg,2011,Dwight,Smith Jr.,Kevin,Gregg
Walker Weickel,Yorvit Torrealba,2011,Walker,Weickel,Yorvit,Torrealba
Hudson Boyd,Jesse Crain,2011,Hudson,Boyd,Jesse,Crain
Kes Carter,Joaquin Benoit,2011,Kes,Carter,Joaquin,Benoit
Kevin Comer,Miguel Olivo,2011,Kevin,Comer,Miguel,Olivo
Jace Peterson,Kevin Correia,2011,Jace,Peterson,Kevin,Correia
Grayson Garvin,Randy Choate,2011,Grayson,Garvin,Randy,Choate
James Harris,Chad Qualls,2011,James,Harris,Chad,Qualls
Roman Quinn,Jayson Werth,2011,Roman,Quinn,Jayson,Werth
Daniel Norris,Scott Downs,2011,Daniel,Norris,Scott,Downs
Granden Goetzman,Grant Balfour,2011,Granden,Goetzman,Grant,Balfour
Michael Wacha,Albert Pujols,2012,Michael,Wacha,Albert,Pujols
Clint Coulter,Prince Fielder,2012,Clint,Coulter,Prince,Fielder
Brian Johnson,Jonathan Papelbon,2012,Brian,Johnson,Jonathan,Papelbon
Jose Berrios,Michael Cuddyer,2012,Jose,Berrios,Michael,Cuddyer
Zach Eflin,Heath Bell,2012,Zach,Eflin,Heath,Bell
Daniel Robertson,Josh Willingham,2012,Daniel,Robertson,Josh,Willingham
Kevin Plawecki,Jose Reyes,2012,Kevin,Plawecki,Jose,Reyes
Stephen Piscotty,Albert Pujols,2012,Stephen,Piscotty,Albert,Pujols
Pat Light,Jonathan Papelbon,2012,Pat,Light,Jonathan,Papelbon
Mitch Haniger,Prince Fielder,2012,Mitch,Haniger,Prince,Fielder
Joey Gallo,C.J. Wilson,2012,Joey,Gallo,C.J.,Wilson
Shane Watson,Ryan Madson,2012,Shane,Watson,Ryan,Madson
Lance McCullers Jr.,Clint Barmes,2012,Lance,McCullers Jr.,Clint,Barmes
Luke Bard,Jason Kubel,2012,Luke,Bard,Jason,Kubel
Pierce Johnson,Aramis Ramirez,2012,Pierce,Johnson,Aramis,Ramirez
Travis Jankowski,Aaron Harang,2012,Travis,Jankowski,Aaron,Harang
Barrett Barnes,Ryan Doumit,2012,Barrett,Barnes,Ryan,Doumit
Eddie Butler,Mark Ellis,2012,Eddie,Butler,Mark,Ellis
Matt Olson,David DeJesus,2012,Matt,Olson,David,DeJesus
Keon Barnum,Mark Buehrle,2012,Keon,Barnum,Mark,Buehrle
Jesse Winker,Ramon Hernandez,2012,Jesse,Winker,Ramon,Hernandez
Matt Smoral,Frank Francisco,2012,Matt,Smoral,Frank,Francisco
Jesmuel Valentin,Rod Barajas,2012,Jesmuel,Valentin,Rod,Barajas
Patrick Wisdom,Octavio Dotel,2012,Patrick,Wisdom,Octavio,Dotel
Collin Wiles,Darren Oliver,2012,Collin,Wiles,Darren,Oliver
Mitch Gueller,Raul Ibanez,2012,Mitch,Gueller,Raul,Ibanez
Paul Blackburn,Carlos Pena,2012,Paul,Blackburn,Carlos,Pena
Jeff Gelalich,Francisco Cordero,2012,Jeff,Gelalich,Francisco,Cordero
Mitch Nay,Jon Rauch,2012,Mitch,Nay,Jon,Rauch
Steve Bean,Edwin Jackson,2012,Steve,Bean,Edwin,Jackson
Tyler Gonzales,Jose Molina,2012,Tyler,Gonzales,Jose,Molina
Bruce Maxwell,Josh Willingham,2012,Bruce,Maxwell,Josh,Willingham
Dane Phillips,Heath Bell,2012,Dane,Phillips,Heath,Bell
Matt Reynolds,Jose Reyes,2012,Matt,Reynolds,Jose,Reyes
JT Chargois,Michael Cuddyer,2012,JT,Chargois,Michael,Cuddyer
Dylan Cozens,Ryan Madson,2012,Dylan,Cozens,Ryan,Madson
Jamie Jarmon,C.J. Wilson,2012,Jamie,Jarmon,C.J.,Wilson
Rob Kaminsky,Kyle Lohse,2013,Rob,Kaminsky,Kyle,Lohse
Ryne Stanek,B.J. Upton,2013,Ryne,Stanek,B.J.,Upton
Travis Demeritte,Josh Hamilton,2013,Travis,Demeritte,Josh,Hamilton
Jason Hursh,Michael Bourn,2013,Jason,Hursh,Michael,Bourn
Aaron Judge,Nick Swisher,2013,Aaron,Judge,Nick,Swisher
Ian Clarkin,Rafael Soriano,2013,Ian,Clarkin,Rafael,Soriano
