signed,FreeAgent,year,first_signed,last_signed,first_fa,last_fa,signed_retroid,fa_retroid
Rex Hudler,Ron Blomberg,1978,Rex,Hudler,Ron,Blomberg,hudlr001,blomr101
Tim Conroy,Mike Jorgensen,1978,Tim,Conroy,Mike,Jorgensen,conrt001,jorgm001
Jerry Aubin,Terry Forster,1978,Jerry,Aubin,Terry,Forster,Jerry Aubin,forst001
Matt Winters,Mike Torrez,1978,Matt,Winters,Mike,Torrez,wintm001,torrm001
Larry Sheets,Elliott Maddox,1978,Larry,Sheets,Elliott,Maddox,sheel001,madde101
Dave White,Oscar Gamble,1978,Dave,White,Oscar,Gamble,Dave White,gambo001
Richard Naumann,Ray Fosse,1978,Richard,Naumann,Ray,Fosse,Richard Naumann,fossr101
Eddie Hook,Ross Grimsley,1978,Eddie,Hook,Ross,Grimsley,Eddie Hook,grimr101
Doug Gwosdz,Merv Rettenmund,1978,Doug,Gwosdz,Merv,Rettenmund,gwosd001,rettm101
Cecil Whitehead,Dick Drago,1978,Cecil,Whitehead,Dick,Drago,Cecil Whitehead,dragd101
Mike Maitland,Jack Brohamer,1978,Mike,Maitland,Jack,Brohamer,Mike Maitland,brohj101
Scott Garrelts,Jim Barr,1979,Scott,Garrelts,Jim,Barr,garrs001,barrj101
Steve Howe,Lee Lacy,1979,Steve,Howe,Lee,Lacy,howes001,lacyl001
Ricky Seilheimer,Steve Stone,1979,Ricky,Seilheimer,Steve,Stone,seilr101,stons101
Danny Lamar,Pete Rose,1979,Danny,Lamar,Pete,Rose,Danny Lamar,rosep001
Chris Baker,Jim Slaton,1979,Chris,Baker,Jim,Slaton,Chris Baker,slatj001
Bob Geren,Derrel Thomas,1979,Bob,Geren,Derrel,Thomas,gereb001,thomd001
Steve Perry,Tommy John,1979,Steve,Perry,Tommy,John,Steve Perry,johnt001
Mike Stenhouse,Steve Renko,1979,Mike,Stenhouse,Steve,Renko,stenm001,renks101
Keefe Cato,Mike Lum,1979,Keefe,Cato,Mike,Lum,catok001,lum-m101
Michael Kwiecinski,Darold Knowles,1979,Michael,Kwiecinski,Darold,Knowles,Michael Kwiecinski,knowd101
Mark Ferguson,Elias Sosa,1979,Mark,Ferguson,Elias,Sosa,Mark Ferguson,sosae101
Jose DeLeon,Duffy Dyer,1979,Jose,DeLeon,Duffy,Dyer,delej001,dyerd101
Dennis Rasmussen,Nolan Ryan,1980,Dennis,Rasmussen,Nolan,Ryan,rasmd001,ryann001
Rick Renteria,Bruce Kison,1980,Rick,Renteria,Bruce,Kison,Rick Renteria,kisob001
Jim Acker,Rowland Office,1980,Jim,Acker,Rowland,Office,ackej001,offir101
Terry Francona,Rudy May,1980,Terry,Francona,Rudy,May,frant001,may-r101
Billy Beane,Andy Hassler,1980,Billy,Beane,Andy,Hassler,beanb001,hassa001
John Gibbons,Skip Lockwood,1980,John,Gibbons,Skip,Lockwood,gibbj001,locks101
Eric Erickson,John Curtis,1980,Eric,Erickson,John,Curtis,Eric Erickson,curtj001
Jeff Horne,Rennie Stennett,1980,Jeff,Horne,Rennie,Stennett,Jeff Horne,stenr101
Jim Weaver,Dave Goltz,1980,Jim,Weaver,Dave,Goltz,weavj001,goltd101
Turner Gill,Jorge Orta,1980,Turner,Gill,Jorge,Orta,Turner Gill,ortaj001
Jim Pettibone,Joe Morgan,1980,Jim,Pettibone,Joe,Morgan,Jim Pettibone,morgj001
Mike Olson,Freddie Patek,1980,Mike,Olson,Freddie,Patek,Mike Olson,patef101
Dave Miley,Fred Norman,1980,Dave,Miley,Fred,Norman,Dave Miley,normf101
Mike Brown,Bob Watson,1980,Mike,Brown,Bob,Watson,browm003,watsb001
Joe Hesketh,Tony Perez,1980,Joe,Hesketh,Tony,Perez,heskj001,peret001
Gregory Pope,Rick Wise,1980,Gregory,Pope,Rick,Wise,Gregory Pope,wiser101
Al Heath,Milt May,1980,Al,Heath,Milt,May,Al Heath,may-m001
Ken Dixon,Don Stanhouse,1980,Ken,Dixon,Don,Stanhouse,dixok001,stand101
David Christianson,Jay Johnstone,1980,David,Christianson,Jay,Johnstone,David Christianson,johnj002
Vance Lovelace,Larry Biittner,1981,Vance,Lovelace,Larry,Biittner,lovev001,biitl101
John Cerutti,Roy Howell,1981,John,Cerutti,Roy,Howell,ceruj001,hower001
Al Lachowicz,Dave Roberts,1981,Al,Lachowicz,Dave,Roberts,lacha101,robed102
Kevin Burrell,Jim Dwyer,1981,Kevin,Burrell,Jim,Dwyer,Kevin Burrell,dwyej001
Frank Castro,Dave Winfield,1981,Frank,Castro,Dave,Winfield,Frank Castro,winfd001
Jeff Carl,John D'Acquisto,1981,Jeff,Carl,John,D'Acquisto,Jeff Carl,dacqj101
Chuckie Canady,Rusty Staub,1981,Chuckie,Canady,Rusty,Staub,Chuckie Canady,staur001
Mike Gallego,Jim Essian,1981,Mike,Gallego,Jim,Essian,gallm001,essij001
Mark Gubicza,Darrell Porter,1981,Mark,Gubicza,Darrell,Porter,gubim001,portd001
Mark Langston,Bill Stein,1981,Mark,Langston,Bill,Stein,langm001,steib001
John Christensen,Claudell Washington,1981,John,Christensen,Claudell,Washington,chrij001,washc001
Lemmie Miller,Don Sutton,1981,Lemmie,Miller,Don,Sutton,milll001,suttd001
Craig Henderson,Jose Morales,1981,Craig,Henderson,Jose,Morales,Craig Henderson,moraj001
John Marzano,Geoff Zahn,1981,John,Marzano,Geoff,Zahn,marzj001,zahng001
Curt Wardle,Mike Cubbage,1981,Curt,Wardle,Mike,Cubbage,wardc001,cubbm101
Scott Bradley,Gaylord Perry,1981,Scott,Bradley,Gaylord,Perry,brads001,perrg101
Lee Guetterman,Juan Beniquez,1981,Lee,Guetterman,Juan,Beniquez,guetl001,benij001
Sam Horn,Frank Tanana,1982,Sam,Horn,Frank,Tanana,horns001,tanaf001
Tony Woods,Tim Blackwell,1982,Tony,Woods,Tim,Blackwell,Tony Woods,blact101
Scott Jones,Dave Collins,1982,Scott,Jones,Dave,Collins,Scott Jones,colld001
Jeff Ledbetter,Joe Rudi,1982,Jeff,Ledbetter,Joe,Rudi,Jeff Ledbetter,rudij101
Stan Boderick,Tim Blackwell,1982,Stan,Boderick,Tim,Blackwell,Stan Boderick,blact101
Kevin Romine,Bill Campbell,1982,Kevin,Romine,Bill,Campbell,romik001,campb001
Tim Birtsas,Reggie Jackson,1982,Tim,Birtsas,Reggie,Jackson,birtt001,jackr001
Joel Davis,Steve Kemp,1983,Joel,Davis,Steve,Kemp,davij002,kemps001
Brian Holman,Joel Youngblood,1983,Brian,Holman,Joel,Youngblood,holmb001,younj001
Terry Bell,Floyd Bannister,1983,Terry,Bell,Floyd,Bannister,bellt001,bannf001
Stan Jefferson,Pete Falcone,1983,Stan,Jefferson,Pete,Falcone,jeffs001,falcp001
Calvin Schiraldi,Pete Falcone,1983,Calvin,Schiraldi,Pete,Falcone,schic001,falcp001
Russ Morman,Bill Almon,1983,Russ,Morman,Bill,Almon,mormr001,almob001
Mike Brumley,Tom Burgmeier,1983,Mike,Brumley,Tom,Burgmeier,brumm001,burgt001
Stan Fansler,Omar Moreno,1983,Stan,Fansler,Omar,Moreno,fanss001,moreo001
Mike Cherry,Steve Garvey,1983,Mike,Cherry,Steve,Garvey,Mike Cherry,garvs001
Paul Oates,Gene Tenace,1983,Paul,Oates,Gene,Tenace,Paul Oates,tenag101
Joe Oliver,Bob Shirley,1983,Joe,Oliver,Bob,Shirley,olivj001,shirb001
Luis Lopez,Terry Forster,1983,Luis,Lopez,Terry,Forster,lopel001,forst001
Wally Joyner,Don Baylor,1983,Wally,Joyner,Don,Baylor,joynw001,bayld001
Tony Menendez,Dennis Lamp,1984,Tony,Menendez,Dennis,Lamp,menet001,lampd001
Terry Mulholland,Darrell Evans,1984,Terry,Mulholland,Darrell,Evans,mulht001,evand001
Gary Green,Ruppert Jones,1984,Gary,Green,Ruppert,Jones,greeg001,joner002
Norm Charlton,Manny Trillo,1984,Norm,Charlton,Manny,Trillo,charn001,trilm001
Terry Green,Frank LaCorte,1984,Terry,Green,Frank,LaCorte,Terry Green,lacof001
Kurt Dempster,Lary Sorensen,1984,Kurt,Dempster,Lary,Sorensen,Kurt Dempster,sorel001
Mike Cook,Fred Lynn,1985,Mike,Cook,Fred,Lynn,cookm001,lynnf001
Rafael Palmeiro,Tim Stoddard,1985,Rafael,Palmeiro,Tim,Stoddard,palmr001,stodt001
Joey Cora,Ed Whitson,1985,Joey,Cora,Ed,Whitson,coraj001,white001
Bill McGuire,Steve Henderson,1985,Bill,McGuire,Steve,Henderson,mcgub001,hends001
Rick Balabon,Tim Belcher,1985,Rick,Balabon,Tim,Belcher,Rick Balabon,belct001
Mike Watters,Burt Hooton,1985,Mike,Watters,Burt,Hooton,Mike Watters,hootb001
Bruce Ruffin,Sixto Lezcano,1985,Bruce,Ruffin,Sixto,Lezcano,ruffb001,lezcs001
Jim Fregosi,Bruce Sutter,1985,Jim,Fregosi,Bruce,Sutter,Jim Fregosi,suttb001
Damon Hansel,Lee Lacy,1985,Damon,Hansel,Lee,Lacy,Damon Hansel,lacyl001
Chris Collins,Don Aase,1985,Chris,Collins,Don,Aase,Chris Collins,aased001
Roberto Hernandez,Juan Beniquez,1986,Roberto,Hernandez,Juan,Beniquez,hernr001,benij001
Terry Carr,Al Holland,1986,Terry,Carr,Al,Holland,Terry Carr,holla001
Mike Fetters,Juan Beniquez,1986,Mike,Fetters,Juan,Beniquez,fettm001,benij001
Daryl Green,Al Holland,1986,Daryl,Green,Al,Holland,Daryl Green,holla001
Todd Zeile,Ivan de Jesus,1986,Todd,Zeile,Ivan,De Jesus,zeilt001,dejei001
Ricky Gutierrez,Rick Dempsey,1987,Ricky,Gutierrez,Rick,Dempsey,gutir001,dempr001
Bill Henderson,Lance Parrish,1987,Bill,Henderson,Lance,Parrish,Bill Henderson,parrl001
Bill Haselman,Gary Ward,1987,Bill,Haselman,Gary,Ward,haseb001,wardg001
Pete Harnisch,Rick Dempsey,1987,Pete,Harnisch,Rick,Dempsey,harnp001,dempr001
Tyrone Kingwood,Andre Dawson,1987,Tyrone,Kingwood,Andre,Dawson,Tyrone Kingwood,dawsa001
Mark Petkovsek,Gary Ward,1987,Mark,Petkovsek,Gary,Ward,petkm001,wardg001
Travis Fryman,Lance Parrish,1987,Travis,Fryman,Lance,Parrish,frymt001,parrl001
David Holdridge,Reggie Jackson,1987,David,Holdridge,Reggie,Jackson,holdd001,jackr001
Nate Minchey,Andre Dawson,1987,Nate,Minchey,Andre,Dawson,mincn001,dawsa001
Todd Hundley,Ray Knight,1987,Todd,Hundley,Ray,Knight,hundt001,knigr001
Mike Erb,Reggie Jackson,1987,Mike,Erb,Reggie,Jackson,Mike Erb,jackr001
Curt Krippner,Rick Cerone,1987,Curt,Krippner,Rick,Cerone,Curt Krippner,ceror001
Royce Clayton,Eddie Milner,1988,Royce,Clayton,Eddie,Milner,clayr001,milne001
Charles Nagy,Brett Butler,1988,Charles,Nagy,Brett,Butler,nagyc001,butlb001
John Ericks,Jack Clark,1988,John,Ericks,Jack,Clark,ericj001,clarj001
Jeff Mutis,Brett Butler,1988,Jeff,Mutis,Brett,Butler,mutij001,butlb001
Ted Wood,Chili Davis,1988,Ted,Wood,Chili,Davis,woodt002,davic001
Brian Jordan,Jack Clark,1988,Brian,Jordan,Jack,Clark,jordb001,clarj001
Wynn Beck,Mike Davis,1988,Wynn,Beck,Mike,Davis,Wynn Beck,davim002
Scott Ebert,Chili Davis,1988,Scott,Ebert,Chili,Davis,Scott Ebert,davic001
Ben Howze,Vance Law,1988,Ben,Howze,Vance,Law,Ben Howze,law-v001
Matt Murray,David Palmer,1988,Matt,Murray,David,Palmer,murrm001,palmd001
Dave Silvestri,Jose Cruz,1988,Dave,Silvestri,Jose,Cruz,silvd001,cruzj001
John Kupsey,Glenn Hubbard,1988,John,Kupsey,Glenn,Hubbard,John Kupsey,hubbg001
Derrick Warren,John Candelaria,1988,Derrick,Warren,John,Candelaria,Derrick Warren,candj001
Kiki Jones,Steve Sax,1989,Kiki,Jones,Steve,Sax,Kiki Jones,sax-s001
Greg Blosser,Bruce Hurst,1989,Greg,Blosser,Bruce,Hurst,blosg001,hursb001
Tony Manahan,Mike Moore,1989,Tony,Manahan,Mike,Moore,Tony Manahan,moorm001
Todd Jones,Nolan Ryan,1989,Todd,Jones,Nolan,Ryan,jonet003,ryann001
Jamie McAndrew,Steve Sax,1989,Jamie,McAndrew,Steve,Sax,mcanj001,sax-s001
Kevin Morton,Bruce Hurst,1989,Kevin,Morton,Bruce,Hurst,mortk001,hursb001
Tommy Taylor,Tom Niedenfuer,1989,Tommy,Taylor,Tom,Niedenfuer,Tommy Taylor,niedt001
Brian Hunter,Nolan Ryan,1989,Brian,Hunter,Nolan,Ryan,huntb002,ryann001
Billy Lott,Jesse Orosco,1989,Billy,Lott,Jesse,Orosco,Billy Lott,orosj001
Brian Boltz,Rick Mahler,1989,Brian,Boltz,Rick,Mahler,Brian Boltz,mahlr001
Lance Jennings,Jamie Quirk,1989,Lance,Jennings,Jamie,Quirk,Lance Jennings,quirj001
John Hope,Dave LaPoint,1989,John,Hope,Dave,LaPoint,hopej001,lapod001
Brent Bowers,Rick Leach,1989,Brent,Bowers,Rick,Leach,boweb001,leacr001
Bo Dodson,Jeffrey Leonard,1989,Bo,Dodson,Jeffrey,Leonard,Bo Dodson,leonj001
Todd Van Poppel,Dave Parker,1990,Todd,Van Poppel,Dave,Parker,vanpt001,parkd001
Adam Hyzdu,Ken Oberkfell,1990,Adam,Hyzdu,Ken,Oberkfell,hyzda001,oberk001
Aaron Holbert,Tony Pena,1990,Aaron,Holbert,Tony,Pena,holba001,penat001
Eric Christopherson,Craig Lefferts,1990,Eric,Christopherson,Craig,Lefferts,Eric Christopherson,leffc001
Tom Nevers,Kevin Bass,1990,Tom,Nevers,Kevin,Bass,Tom Nevers,bassk001
Rondell White,Mark Langston,1990,Rondell,White,Mark,Langston,whitr001,langm001
Robbie Beckett,Mark Davis,1990,Robbie,Beckett,Mark,Davis,beckr003,davim001
Mike Zimmerman,Jim Gott,1990,Mike,Zimmerman,Jim,Gott,Mike Zimmerman,gottj001
Gabe White,Mark Langston,1990,Gabe,White,Mark,Langston,whitg001,langm001
Midre Cummings,Jeff Reardon,1990,Midre,Cummings,Jeff,Reardon,cummm001,rearj001
Paul Ellis,Tony Pena,1990,Paul,Ellis,Tony,Pena,Paul Ellis,penat001
Brian Williams,Kevin Bass,1990,Brian,Williams,Kevin,Bass,willb001,bassk001
Scott Sanders,Mark Davis,1990,Scott,Sanders,Mark,Davis,sands002,davim001
Marcus Jensen,Craig Lefferts,1990,Marcus,Jensen,Craig,Lefferts,jensm001,leffc001
Dave Zancanaro,Storm Davis,1990,Dave,Zancanaro,Storm,Davis,Dave Zancanaro,davis001
Stan Spencer,Hubie Brooks,1990,Stan,Spencer,Hubie,Brooks,spens002,brooh001
Kirk Dressendorfer,Dave Parker,1990,Kirk,Dressendorfer,Dave,Parker,dresk001,parkd001
Ben Van Ryn,Pascual Perez,1990,Ben,VanRyn,Pascual,Perez,vanrb001,perep001
Frankie Rodriguez,Nick Esasky,1990,Frankie,Rodriguez,Nick,Esasky,rodrf001,esasn001
Curtis Shaw,Tony Phillips,1990,Curtis,Shaw,Tony,Phillips,Curtis Shaw,philt001
Robert Eenhoorn,Walt Terrell,1990,Robert,Eenhoorn,Walt,Terrell,eenhr001,terrw001
Darrell Whitmore,Pete O'Brien,1990,Darrell,Whitmore,Pete,O'Brien,whitd002,obrip001
Mike Hardge,Hubie Brooks,1990,Mike,Hardge,Hubie,Brooks,Mike Hardge,brooh001
Tavo Alvarez,Pascual Perez,1990,Tavo,Alvarez,Pascual,Perez,alvat001,perep001
Chris Martin,Bryn Smith,1990,Chris,Martin,Bryn,Smith,martc007,smitb001
Ron Caridad,Jeff Reardon,1990,Ron,Caridad,Jeff,Reardon,Ron Caridad,rearj001
Keith Grunewald,Fred Lynn,1990,Keith,Grunewald,Fred,Lynn,Keith Grunewald,lynnf001
Eric Helfand,Storm Davis,1990,Eric,Helfand,Storm,Davis,helfe001,davis001
Eric Maloney,Richard Dotson,1990,Eric,Maloney,Richard,Dotson,Eric Maloney,dotsr001
Leroy Williams,Dave Anderson,1990,Leroy,Williams,Dave,Anderson,Leroy Williams,anded001
Jeff Williams,Dave Schmidt,1990,Jeff,Williams,Dave,Schmidt,willj002,schmd001
Joe Rosselli,Candy Maldonado,1990,Joe,Rosselli,Candy,Maldonado,rossj001,maldc001
Tim Hyers,Lloyd Moseby,1990,Tim,Hyers,Lloyd,Moseby,hyert001,mosel001
Troy Bradford,Scott Sanderson,1990,Troy,Bradford,Scott,Sanderson,Troy Bradford,sands001
Scott Freeman,John Tudor,1990,Scott,Freeman,John,Tudor,Scott Freeman,tudoj001
Jamie Ogden,Wally Backman,1990,Jamie,Ogden,Wally,Backman,Jamie Ogden,backw001
John Schulte,Jim Gott,1990,John,Schulte,Jim,Gott,John Schulte,gottj001
Ty Hill,Rob Deer,1991,Ty,Hill,Rob,Deer,hillt802,deerr001
Shawn Green,Bud Black,1991,Shawn,Green,Bud,Black,grees001,blacb101
Al Shirley,Darryl Strawberry,1991,Al,Shirley,Darryl,Strawberry,Al Shirley,strad001
Allen Watson,Ken Dayley,1991,Allen,Watson,Ken,Dayley,watsa001,daylk001
Brian Barber,Vince Coleman,1991,Brian,Barber,Vince,Coleman,barbb002,colev001
Scott Stahoviak,Gary Gaetti,1991,Scott,Stahoviak,Gary,Gaetti,stahs001,gaetg001
Tom McKinnon,Terry Pendleton,1991,Tom,McKinnon,Terry,Pendleton,Tom McKinnon,pendt001
Shawn Livesey,Danny Darwin,1991,Shawn,Livesey,Danny,Darwin,Shawn Livesey,darwd001
Jason Pruitt,Steve Farr,1991,Jason,Pruitt,Steve,Farr,Jason Pruitt,farrs001
Pepper Anthony,Jack Clark,1991,Pepper,Anthony,Jack,Clark,Pepper Anthony,clarj001
Justin Thompson,Jack Morris,1991,Justin,Thompson,Jack,Morris,thomj003,morrj001
Steve Whitaker,Brett Butler,1991,Steve,Whitaker,Brett,Butler,whits101,butlb001
Jorge Fabregas,Chili Davis,1991,Jorge,Fabregas,Chili,Davis,fabrj001,davic001
Jeff Ware,George Bell,1991,Jeff,Ware,George,Bell,warej001,bellg001
Bobby Jones,Darryl Strawberry,1991,Bobby,Jones,Darryl,Strawberry,joneb003,strad001
J.J. Johnson,Larry Andersen,1991,J.J.,Johnson,Larry,Andersen,J.J. Johnson,andel001
Mike Rossiter,Willie McGee,1991,Mike,Rossiter,Willie,McGee,Mike Rossiter,mcgew001
Dan Cholowsky,Ken Dayley,1991,Dan,Cholowsky,Ken,Dayley,Dan Cholowsky,daylk001
Jimmy Gonzalez,Dave Smith,1991,Jimmy,Gonzalez,Dave,Smith,Jimmy Gonzalez,smitd001
Trever Miller,Mike Heath,1991,Trever,Miller,Mike,Heath,millt002,heatm001
Scott Hatteberg,Mike Boddicker,1991,Scott,Hatteberg,Mike,Boddicker,hatts001,boddm001
Mike Groppuso,Franklin Stubbs,1991,Mike,Groppuso,Franklin,Stubbs,Mike Groppuso,stubf001
Ryan Long,Steve Farr,1991,Ryan,Long,Steve,Farr,longr001,farrs001
Eddie Williams,Terry Pendleton,1991,Eddie,Williams,Terry,Pendleton,wille001,pendt001
Buck McNabb,Juan Agosto,1991,Buck,McNabb,Juan,Agosto,Buck McNabb,agosj001
Jim Lewis,Franklin Stubbs,1991,Jim,Lewis,Franklin,Stubbs,Jim Lewis,stubf001
Terry Horn,Mike Boddicker,1991,Terry,Horn,Mike,Boddicker,Terry Horn,boddm001
Trevor Mallory,George Bell,1991,Trevor,Mallory,George,Bell,Trevor Mallory,bellg001
Mike Neill,Willie McGee,1991,Mike,Neill,Willie,McGee,neilm001,mcgew001
Rod Pedraza,Kevin Gross,1991,Rod,Pedraza,Kevin,Gross,Rod Pedraza,grosk001
Judd Wilstead,Bill Krueger,1991,Judd,Wilstead,Bill,Krueger,Judd Wilstead,krueb001
Marc Kroon,Pat Tabler,1991,Marc,Kroon,Pat,Tabler,kroom001,tablp001
Dan Jones,Sid Bream,1991,Dan,Jones,Sid,Bream,Dan Jones,breas001
Brian Edmondson,Ed Nunez,1991,Brian,Edmondson,Ed,Nunez,edmob001,nunee001
Todd Hollandsworth,Kirk Gibson,1991,Todd,Hollandsworth,Kirk,Gibson,hollt001,gibsk001
Mark Hubbard,Dave Righetti,1991,Mark,Hubbard,Dave,Righetti,Mark Hubbard,righd001
Jim Pittsley,Kurt Stillwell,1992,Jim,Pittsley,Kurt,Stillwell,pittj002,stilk001
Chris Roberts,Frank Viola,1992,Chris,Roberts,Frank,Viola,Chris Roberts,violf001
Shannon Stewart,Tom Candiotti,1992,Shannon,Stewart,Tom,Candiotti,stews002,candt001
Jeff Schmidt,Wally Joyner,1992,Jeff,Schmidt,Wally,Joyner,schmj002,joynw001
Jon Ward,Frank Viola,1992,Jon,Ward,Frank,Viola,Jon Ward,violf001
Sherard Clinkscales,Danny Tartabull,1992,Sherard,Clinkscales,Danny,Tartabull,Sherard Clinkscales,tartd001
Ryan Luzinski,Eddie Murray,1992,Ryan,Luzinski,Eddie,Murray,Ryan Luzinski,murre001
Shon Walker,Bobby Bonilla,1992,Shon,Walker,Bobby,Bonilla,Shon Walker,bonib001
Brandon Cromer,Tom Candiotti,1992,Brandon,Cromer,Tom,Candiotti,Brandon Cromer,candt001
Johnny Damon,Kurt Stillwell,1992,Johnny,Damon,Kurt,Stillwell,damoj001,stilk001
Mike Moore,Mike Morgan,1992,Mike,Moore,Mike,Morgan,moorm001,morgm001
Jon Lieber,Danny Tartabull,1992,Jon,Lieber,Danny,Tartabull,liebj001,tartd001
Danny Clyburn,Bobby Bonilla,1992,Danny,Clyburn,Bobby,Bonilla,clybd001,bonib001
Chris Smith,Wally Joyner,1992,Chris,Smith,Wally,Joyner,Chris Smith,joynw001
Dwaine Bostic,Mike Morgan,1992,Dwaine,Bostic,Mike,Morgan,Dwaine Bostic,morgm001
Rick Magdelano,Mariano Duncan,1992,Rick,Magdelano,Mariano,Duncan,Rick Magdelano,duncm001
Marquis Riley,Kirk McCaskill,1992,Marquis,Riley,Kirk,McCaskill,Marquis Riley,mccak001
Tom Knauss,Dan Gladden,1992,Tom,Knauss,Dan,Gladden,Tom Knauss,gladd001
Gabe Alvarez,Mike Gallego,1992,Gabe,Alvarez,Mike,Gallego,alvag001,gallm001
Dwight Maness,Eddie Murray,1992,Dwight,Maness,Eddie,Murray,Dwight Maness,murre001
Chris Carpenter,Tom Henke,1993,Chris,Carpenter,Tom,Henke,carpc002,henkt001
Torii Hunter,John Smiley,1993,Torii,Hunter,John,Smiley,huntt001,smilj001
Jon Ratliff,Greg Maddux,1993,Jon,Ratliff,Greg,Maddux,ratlj001,maddg002
Kelly Wunsch,Paul Molitor,1993,Kelly,Wunsch,Paul,Molitor,wunsk001,molip001
Kevin Orie,Greg Maddux,1993,Kevin,Orie,Greg,Maddux,oriek001,maddg002
Mike Bell,Jose Guzman,1993,Mike,Bell,Jose,Guzman,bellm003,guzmj001
Josue Estrada,Spike Owen,1993,Josue,Estrada,Spike,Owen,Josue Estrada,owens001
Pat Watkins,Greg Swindell,1993,Pat,Watkins,Greg,Swindell,watkp001,swing001
Marc Barcelo,John Smiley,1993,Marc,Barcelo,John,Smiley,Marc Barcelo,smilj001
Jermaine Allensworth,Doug Drabek,1993,Jermaine,Allensworth,Doug,Drabek,allej001,drabd001
Todd Dunn,Chris Bosio,1993,Todd,Dunn,Chris,Bosio,dunnt001,bosic001
Willie Adams,Dave Stewart,1993,Willie,Adams,Dave,Stewart,adamw001,stewd001
Matt Farner,David Cone,1993,Matt,Farner,David,Cone,Matt Farner,coned001
Kelcey Mucker,Greg Gagne,1993,Kelcey,Mucker,Greg,Gagne,Kelcey Mucker,gagng001
Joe Wagner,Paul Molitor,1993,Joe,Wagner,Paul,Molitor,wagnj101,molip001
Mark Lukasiewicz,Jimmy Key,1993,Mark,Lukasiewicz,Jimmy,Key,lukam001,key-j001
Jeremy Lee,Tom Henke,1993,Jeremy,Lee,Tom,Henke,Jeremy Lee,henkt001
Charles Rice,Barry Bonds,1993,Charles,Rice,Barry,Bonds,Charles Rice,bondb001
Brian Banks,Chris Bosio,1993,Brian,Banks,Chris,Bosio,bankb001,bosic001
Nate Dishington,Todd Worrell,1993,Nate,Dishington,Todd,Worrell,Nate Dishington,worrt001
Tony Medrano,David Cone,1993,Tony,Medrano,David,Cone,Tony Medrano,coned001
Edwin Diaz,Jose Guzman,1993,Edwin,Diaz,Jose,Guzman,diaze004,guzmj001
Kevin Pickford,Doug Drabek,1993,Kevin,Pickford,Doug,Drabek,pickk001,drabd001
Martin Mainville,Spike Owen,1993,Martin,Mainville,Spike,Owen,Martin Mainville,owens001
Ryan Jones,Manuel Lee,1993,Ryan,Jones,Manuel,Lee,Ryan Jones,lee-m001
Mike Moschetti,Dave Stewart,1993,Mike,Moschetti,Dave,Stewart,Mike Moschetti,stewd001
Macey Brooks,Mike Felder,1993,Macey,Brooks,Mike,Felder,Macey Brooks,feldm001
Brett King,Chris James,1993,Brett,King,Chris,James,Brett King,jamec001
Troy Carrasco,Greg Gagne,1993,Troy,Carrasco,Greg,Gagne,Troy Carrasco,gagng001
Steven Wilkerson,Greg Swindell,1993,Steven,Wilkerson,Greg,Swindell,Steven Wilkerson,swing001
Mike Romano,Jimmy Key,1993,Mike,Romano,Jimmy,Key,romam001,key-j001
Terrence Long,Sid Fernandez,1994,Terrence,Long,Sid,Fernandez,longt002,ferns001
Dante Powell,Will Clark,1994,Dante,Powell,Will,Clark,powed002,clarw001
Scott Elarton,Mark Portugal,1994,Scott,Elarton,Mark,Portugal,elars001,portm001
Jay Payton,Sid Fernandez,1994,Jay,Payton,Sid,Fernandez,paytj001,ferns001
Russ Johnson,Mark Portugal,1994,Russ,Johnson,Mark,Portugal,johnr006,portm001
Mike Thurman,Dennis Martinez,1994,Mike,Thurman,Dennis,Martinez,thurm002,martd001
Jacob Cruz,Will Clark,1994,Jacob,Cruz,Will,Clark,cruzj003,clarw001
Chris Clemons,Ellis Burks,1994,Chris,Clemons,Ellis,Burks,clemc001,burke001
John Ambrose,Ellis Burks,1994,John,Ambrose,Ellis,Burks,John Ambrose,burke001
Jason Camilli,Dennis Martinez,1994,Jason,Camilli,Dennis,Martinez,Jason Camilli,martd001
Corey Pointer,Otis Nixon,1994,Corey,Pointer,Otis,Nixon,Corey Pointer,nixoo001
Matt LeCroy,Charlie O'Brien,1994,Matt,LeCroy,Charlie,O'Brien,lecrm001,obric001
Brian Meadows,Walt Weiss,1994,Brian,Meadows,Walt,Weiss,meadb001,weisw001
Ken Pumphrey,Howard Johnson,1994,Ken,Pumphrey,Howard,Johnson,Ken Pumphrey,johnh001
Corey Jenkins,Damon Berryhill,1995,Corey,Jenkins,Damon,Berryhill,Corey Jenkins,berrd002
Chris Haas,Gregg Jefferies,1995,Chris,Haas,Gregg,Jefferies,Chris Haas,jeffg001
Dave Coggin,Danny Jackson,1995,Dave,Coggin,Danny,Jackson,coggd001,jackd001
Marlon Anderson,Danny Jackson,1995,Marlon,Anderson,Danny,Jackson,andem003,jackd001
Jay Woolf,Gregg Jefferies,1995,Jay,Woolf,Gregg,Jefferies,Jay Woolf,jeffg001
Brian Buchanan,Matt Nokes,1995,Brian,Buchanan,Matt,Nokes,buchb002,nokem001
Joe Lawrence,Roberto Alomar,1996,Joe,Lawrence,Roberto,Alomar,lawrj001,alomr001
Eric Milton,Randy Velarde,1996,Eric,Milton,Randy,Velarde,milte001,velar001
Sam Marsonek,Kenny Rogers,1996,Sam,Marsonek,Kenny,Rogers,marss001,rogek001
Pete Tucci,Roberto Alomar,1996,Pete,Tucci,Roberto,Alomar,Pete Tucci,alomr001
Corey Lee,Kenny Rogers,1996,Corey,Lee,Kenny,Rogers,lee-c002,rogek001
Matt McClendon,Ron Gant,1996,Matt,McClendon,Ron,Gant,Matt McClendon,gantr001
Chris Reitsma,Erik Hanson,1996,Chris,Reitsma,Erik,Hanson,reitc001,hanse001
Buddy Carlyle,Ron Gant,1996,Buddy,Carlyle,Ron,Gant,carlb001,gantr001
Gary Locurto,Erik Hanson,1996,Gary,Locurto,Erik,Hanson,Gary Locurto,hanse001
Brent Abernathy,Devon White,1996,Brent,Abernathy,Devon,White,aberb001,whitd001
Clayton Andrews,Devon White,1996,Clayton,Andrews,Devon,White,andrc001,whitd001
Eric DuBose,Mike Bordick,1997,Eric,DuBose,Mike,Bordick,duboe001,bordm001
Mark Prior,John Wetteland,1997,Mark,Prior,John,Wetteland,priom001,wettj001
Darnell McDonald,David Wells,1997,Darnell,McDonald,David,Wells,mcdod002,welld001
Nathan Haynes,Mike Bordick,1997,Nathan,Haynes,Mike,Bordick,haynn001,bordm001
Kyle Kane,Alex Fernandez,1997,Kyle,Kane,Alex,Fernandez,Kyle Kane,ferna001
Brett Caradonna,Kevin Tapani,1997,Brett,Caradonna,Kevin,Tapani,Brett Caradonna,tapak001
Mark Fischer,Roger Clemens,1997,Mark,Fischer,Roger,Clemens,Mark Fischer,clemr001
Ntema Ndungidi,David Wells,1997,Ntema,Ndungidi,David,Wells,Ntema Ndungidi,welld001
Chris Stowe,Mel Rojas,1997,Chris,Stowe,Mel,Rojas,Chris Stowe,rojam001
Scott Hodges,Moises Alou,1997,Scott,Hodges,Moises,Alou,Scott Hodges,aloum001
Jason Romano,Mike Stanton,1997,Jason,Romano,Mike,Stanton,romaj002,stanm003
Ryan Bradley,John Wetteland,1997,Ryan,Bradley,John,Wetteland,bradr001,wettj001
Jason Fitzgerald,Albert Belle,1997,Jason,Fitzgerald,Albert,Belle,Jason Fitzgerald,bellj002
Denny Wagner,Mike Bordick,1997,Denny,Wagner,Mike,Bordick,Denny Wagner,bordm001
Aaron Myette,Alex Fernandez,1997,Aaron,Myette,Alex,Fernandez,myeta001,ferna001
Bryan Hebson,Mel Rojas,1997,Bryan,Hebson,Mel,Rojas,hebsb001,rojam001
Tom Pittman,Moises Alou,1997,Tom,Pittman,Moises,Alou,Tom Pittman,aloum001
Jim Parque,Alex Fernandez,1997,Jim,Parque,Alex,Fernandez,parqj001,ferna001
T.J. Tucker,Mel Rojas,1997,T.J.,Tucker,Mel,Rojas,tuckt001,rojam001
Shane Arthurs,Moises Alou,1997,Shane,Arthurs,Moises,Alou,Shane Arthurs,aloum001
Brandon Parker,Dave Hollins,1997,Brandon,Parker,Dave,Hollins,Brandon Parker,holld001
Aaron Capista,Roger Clemens,1997,Aaron,Capista,Roger,Clemens,Aaron Capista,clemr001
Jeff Weaver,Kevin Tapani,1997,Jeff,Weaver,Kevin,Tapani,weavj002,tapak001
Edgar Cruz,Albert Belle,1997,Edgar,Cruz,Albert,Belle,Edgar Cruz,bellj002
Chris Tynan,Mike Stanton,1997,Chris,Tynan,Mike,Stanton,Chris Tynan,stanm003
Steve Colyer,Delino DeShields,1997,Steve,Colyer,Delino,DeShields,colys001,deshd001
Jason Henry,Jimmy Key,1997,Jason,Henry,Jimmy,Key,Jason Henry,key-j001
Brad Lidge,Darryl Kile,1998,Brad,Lidge,Darryl,Kile,lidgb001,kiled001
Tony Torcato,Doug Henry,1998,Tony,Torcato,Doug,Henry,torct001,henrd002
Matt Roney,Andres Galarraga,1998,Matt,Roney,Andres,Galarraga,ronem001,galaa001
Arturo McDowell,Roberto Hernandez,1998,Arturo,McDowell,Roberto,Hernandez,Arturo McDowell,hernr001
Matt Burch,Jay Bell,1998,Matt,Burch,Jay,Bell,Matt Burch,bellj001
Chris George,Jay Bell,1998,Chris,George,Jay,Bell,georc002,bellj001
Ben Diggins,Dennis Eckersley,1998,Ben,Diggins,Dennis,Eckersley,diggb001,ecked001
Brad Wilkerson,Darrin Fletcher,1998,Brad,Wilkerson,Darrin,Fletcher,wilkb002,fletd001
Nate Cornejo,Willie Blair,1998,Nate,Cornejo,Willie,Blair,cornn001,blaiw001
Aaron Rowand,Dave Martinez,1998,Aaron,Rowand,Dave,Martinez,rowaa001,martd002
Choo Freeman,Andres Galarraga,1998,Choo,Freeman,Andres,Galarraga,freec001,galaa001
Mike Nannini,Darryl Kile,1998,Mike,Nannini,Darryl,Kile,Mike Nannini,kiled001
Chris Jones,Roberto Hernandez,1998,Chris,Jones,Roberto,Hernandez,Chris Jones,hernr001
Mamon Tucker,Randy Myers,1998,Mamon,Tucker,Randy,Myers,Mamon Tucker,myerr001
Jeff Winchester,Walt Weiss,1998,Jeff,Winchester,Walt,Weiss,Jeff Winchester,weisw001
Jeff Urban,Wilson Alvarez,1998,Jeff,Urban,Wilson,Alvarez,Jeff Urban,alvaw001
Ben Knapp,Randy Myers,1998,Ben,Knapp,Randy,Myers,Ben Knapp,myerr001
Matt Belisle,Greg Myers,1998,Matt,Belisle,Greg,Myers,belim001,myerg001
Tim Lemon,Dennis Eckersley,1998,Tim,Lemon,Dennis,Eckersley,Tim Lemon,ecked001
Jeff Goldbach,Dave Clark,1998,Jeff,Goldbach,Dave,Clark,Jeff Goldbach,clard001
Jody Gerut,Walt Weiss,1998,Jody,Gerut,Walt,Weiss,geruj001,weisw001
Chris Magruder,Wilson Alvarez,1998,Chris,Magruder,Wilson,Alvarez,magrc001,alvaw001
Adam Pettyjohn,Willie Blair,1998,Adam,Pettyjohn,Willie,Blair,petta002,blaiw001
Clyde Williams,Darrin Fletcher,1998,Clyde,Williams,Darrin,Fletcher,Clyde Williams,fletd001
Dan Mozingo,Dave Martinez,1998,Dan,Mozingo,Dave,Martinez,Dan Mozingo,martd002
Rick Asadoorian,Mo Vaughn,1999,Rick,Asadoorian,Mo,Vaughn,Rick Asadoorian,vaugm001
Rich Stahl,Eric Davis,1999,Rich,Stahl,Eric,Davis,Rich Stahl,davie001
Vince Faison,Kevin Brown,1999,Vince,Faison,Kevin,Brown,Vince Faison,browk001
Larry Bigbie,Rafael Palmeiro,1999,Larry,Bigbie,Rafael,Palmeiro,bigbl001,palmr001
Matt Ginter,Robin Ventura,1999,Matt,Ginter,Robin,Ventura,gintm001,ventr001
Keith Reed,Roberto Alomar,1999,Keith,Reed,Roberto,Alomar,reedk001,alomr001
Mike MacDougal,Jose Offerman,1999,Mike,MacDougal,Jose,Offerman,macdm001,offej001
Omar Ortiz,Ken Caminiti,1999,Omar,Ortiz,Ken,Caminiti,Omar Ortiz,camik001
Chance Caple,Brian Jordan,1999,Chance,Caple,Brian,Jordan,Chance Caple,jordb001
Casey Daigle,Devon White,1999,Casey,Daigle,Devon,White,daigc001,whitd001
Jay Gehrke,Jose Offerman,1999,Jay,Gehrke,Jose,Offerman,Jay Gehrke,offej001
Jeff Heaverlo,Mike Timlin,1999,Jeff,Heaverlo,Mike,Timlin,Jeff Heaverlo,timlm001
Josh Cenate,Roberto Alomar,1999,Josh,Cenate,Roberto,Alomar,Josh Cenate,alomr001
Brian West,Albert Belle,1999,Brian,West,Albert,Belle,Brian West,bellj002
Nick Stocks,Brian Jordan,1999,Nick,Stocks,Brian,Jordan,Nick Stocks,jordb001
Jason Repko,Scott Radinsky,1999,Jason,Repko,Scott,Radinsky,repkj001,radis001
Colby Lewis,Todd Stottlemyre,1999,Colby,Lewis,Todd,Stottlemyre,lewic001,stott001
Jerome Williams,Jose Mesa,1999,Jerome,Williams,Jose,Mesa,willj003,mesaj001
Brad Baker,Mo Vaughn,1999,Brad,Baker,Mo,Vaughn,Brad Baker,vaugm001
Casey Burns,Kevin Brown,1999,Casey,Burns,Kevin,Brown,Casey Burns,browk001
Mike Rosamond,Randy Johnson,1999,Mike,Rosamond,Randy,Johnson,Mike Rosamond,johnr005
Jimmy Gobble,Dean Palmer,1999,Jimmy,Gobble,Dean,Palmer,gobbj001,palmd002
Scott Rice,Eric Davis,1999,Scott,Rice,Eric,Davis,rices001,davie001
Rob Purvis,Robin Ventura,1999,Rob,Purvis,Robin,Ventura,Rob Purvis,ventr001
Chris Duncan,Delino DeShields,1999,Chris,Duncan,Delino,DeShields,duncc002,deshd001
David Mead,Will Clark,1999,David,Mead,Will,Clark,David Mead,clarw001
Casey Fossum,Greg Swindell,1999,Casey,Fossum,Greg,Swindell,fossc001,swing001
Mike Bynum,Ken Caminiti,1999,Mike,Bynum,Ken,Caminiti,bynum001,camik001
Brian Roberts,Rafael Palmeiro,1999,Brian,Roberts,Rafael,Palmeiro,robeb003,palmr001
Nick Trzesniak,Steve Finley,1999,Nick,Trzesniak,Steve,Finley,Nick Trzesniak,finls001
Brian Sanches,Dean Palmer,1999,Brian,Sanches,Dean,Palmer,sancb001,palmd002
Jay Perez,Randy Johnson,1999,Jay,Perez,Randy,Johnson,Jay Perez,johnr005
J.T. Thomas,Jose Mesa,1999,J.T.,Thomas,Jose,Mesa,J.T. Thomas,mesaj001
Dan Wright,Albert Belle,1999,Dan,Wright,Albert,Belle,wrigd001,bellj002
Brennan King,Scott Radinsky,1999,Brennan,King,Scott,Radinsky,Brennan King,radis001
Jeremy Ward,Devon White,1999,Jeremy,Ward,Devon,White,Jeremy Ward,whitd001
Josh Pearce,Tom Lampkin,1999,Josh,Pearce,Tom,Lampkin,pearj001,lampt001
Drew Meyer,Brian Bohanon,1999,Drew,Meyer,Brian,Bohanon,meyed003,bohab001
Jake Joseph,Armando Reynoso,1999,Jake,Joseph,Armando,Reynoso,Jake Joseph,reyna001
Rich Rundles,Greg Swindell,1999,Rich,Rundles,Greg,Swindell,rundr001,swing001
Sheldon Fulse,Mike Timlin,1999,Sheldon,Fulse,Mike,Timlin,Sheldon Fulse,timlm001
Jon Kessick,Alan Mills,1999,Jon,Kessick,Alan,Mills,Jon Kessick,milla001
Kevin Mench,Todd Stottlemyre,1999,Kevin,Mench,Todd,Stottlemyre,menck001,stott001
Ben Johnson,Delino DeShields,1999,Ben,Johnson,Delino,DeShields,johnb003,deshd001
Billy Traber,John Olerud,2000,Billy,Traber,John,Olerud,trabb001,olerj001
Chris Bootcheck,Mike Magnante,2000,Chris,Bootcheck,Mike,Magnante,bootc001,magnm001
Blake Williams,Darren Oliver,2000,Blake,Williams,Darren,Oliver,Blake Williams,olivd001
Scott Heard,Todd Zeile,2000,Scott,Heard,Todd,Zeile,Scott Heard,zeilt001
Adam Wainwright,Russ Springer,2000,Adam,Wainwright,Russ,Springer,waina001,sprir001
Tripper Johnson,Arthur Rhodes,2000,Tripper,Johnson,Arthur,Rhodes,Tripper Johnson,rhoda001
Dustin McGowan,Graeme Lloyd,2000,Dustin,McGowan,Graeme,Lloyd,mcgod001,lloyg001
Dustin Moseley,Juan Guzman,2000,Dustin,Moseley,Juan,Guzman,mosed001,guzmj003
Tyrell Godwin,Aaron Sele,2000,Tyrell,Godwin,Aaron,Sele,godwt001,selea001
Bobby Keppel,John Olerud,2000,Bobby,Keppel,John,Olerud,keppb001,olerj001
Derek Thompson,Michael Jackson,2000,Derek,Thompson,Michael,Jackson,thomd002,jackm001
Kelly Johnson,Jose Hernandez,2000,Kelly,Johnson,Jose,Hernandez,johnk003,hernj001
Chad Hawkins,Todd Zeile,2000,Chad,Hawkins,Todd,Zeile,Chad Hawkins,zeilt001
Aaron Herr,Russ Springer,2000,Aaron,Herr,Russ,Springer,Aaron Herr,sprir001
Peter Bauer,Graeme Lloyd,2000,Peter,Bauer,Graeme,Lloyd,Peter Bauer,lloyg001
Dane Sardinha,Juan Guzman,2000,Dane,Sardinha,Juan,Guzman,sardd001,guzmj003
Bubba Nelson,Jose Hernandez,2000,Bubba,Nelson,Jose,Hernandez,Bubba Nelson,hernj001
J.D. Durbin,Mike Trombley,2000,J.D.,Durbin,Mike,Trombley,durbj001,tromm001
Brian Tallet,Michael Jackson,2000,Brian,Tallet,Michael,Jackson,tallb001,jackm001
Jason Bourgeois,Aaron Sele,2000,Jason,Bourgeois,Aaron,Sele,bourj001,selea001
Nic Jackson,Steve Trachsel,2000,Nic,Jackson,Steve,Trachsel,Nic Jackson,tracs001
Tommy Arko,Arthur Rhodes,2000,Tommy,Arko,Arthur,Rhodes,Tommy Arko,rhoda001
Zach Miner,Gerald Williams,2000,Zach,Miner,Gerald,Williams,minez001,willg001
Kris Honel,Charles Johnson,2001,Kris,Honel,Charles,Johnson,Kris Honel,johnc002
Dan Denham,Manny Ramirez,2001,Dan,Denham,Manny,Ramirez,Dan Denham,ramim002
Aaron Heilman,Mike Hampton,2001,Aaron,Heilman,Mike,Hampton,heila001,hampm001
Mike Fontenot,Mike Mussina,2001,Mike,Fontenot,Mike,Mussina,fontm001,mussm001
Brad Hennessey,Ellis Burks,2001,Brad,Hennessey,Ellis,Burks,hennb001,burke001
John-Ford Griffin,Jeff Nelson,2001,John-Ford,Griffin,Jeff,Nelson,grifj002,nelsj001
Macay McBride,Andy Ashby,2001,Macay,McBride,Andy,Ashby,mcbrm001,ashba002
Jeremy Bonderman,Kevin Appier,2001,Jeremy,Bonderman,Kevin,Appier,bondj001,appik001
Micah Schilling,Sandy Alomar,2001,Micah,Schilling,Sandy,Alomar,Micah Schilling,aloms001
Bryan Bass,Mike Mussina,2001,Bryan,Bass,Mike,Mussina,Bryan Bass,mussm001
Michael Woods,Juan Gonzalez,2001,Michael,Woods,Juan,Gonzalez,Michael Woods,gonzj002
Jeff Mathis,Mark Petkovsek,2001,Jeff,Mathis,Mark,Petkovsek,mathj001,petkm001
Bronson Sardinha,Denny Neagle,2001,Bronson,Sardinha,Denny,Neagle,sardb001,neagd001
J.D. Martin,Manny Ramirez,2001,J.D.,Martin,Manny,Ramirez,martj005,ramim002
Michael Garciaparra,Alex Rodriguez,2001,Michael,Garciaparra,Alex,Rodriguez,Michael Garciaparra,rodra001
John Rheinecker,Kevin Appier,2001,John,Rheinecker,Kevin,Appier,rheij001,appik001
David Wright,Mike Hampton,2001,David,Wright,Mike,Hampton,wrigd002,hampm001
Wyatt Allen,Charles Johnson,2001,Wyatt,Allen,Charles,Johnson,Wyatt Allen,johnc002
Richard Lewis,Andy Ashby,2001,Richard,Lewis,Andy,Ashby,Richard Lewis,ashba002
Todd Linden,Ellis Burks,2001,Todd,Linden,Ellis,Burks,lindt001,burke001
Jon Skaggs,Jeff Nelson,2001,Jon,Skaggs,Jeff,Nelson,Jon Skaggs,nelsj001
Mike Conroy,David Segui,2001,Mike,Conroy,David,Segui,Mike Conroy,segud001
Kelly Shoppach,Rheal Cormier,2001,Kelly,Shoppach,Rheal,Cormier,shopk001,cormr001
Rene Rivera,Alex Rodriguez,2001,Rene,Rivera,Alex,Rodriguez,river003,rodra001
Jake Dittler,David Segui,2001,Jake,Dittler,David,Segui,Jake Dittler,segud001
Jason Arnold,Denny Neagle,2001,Jason,Arnold,Denny,Neagle,Jason Arnold,neagd001
Matt Coenen,Juan Gonzalez,2001,Matt,Coenen,Juan,Gonzalez,Matt Coenen,gonzj002
David Taylor,Julian Tavarez,2001,David,Taylor,Julian,Tavarez,David Taylor,tavaj001
Corey Ragsdale,Bobby Jones,2001,Corey,Ragsdale,Bobby,Jones,ragsc801,joneb003
Lazaro Abreu,Jose Mesa,2001,Lazaro,Abreu,Jose,Mesa,Lazaro Abreu,mesaj001
Steven Shell,Mark Petkovsek,2001,Steven,Shell,Mark,Petkovsek,shels002,petkm001
Nick Swisher,Johnny Damon,2002,Nick,Swisher,Johnny,Damon,swisn001,damoj001
Joe Blanton,Jason Giambi,2002,Joe,Blanton,Jason,Giambi,blanj001,giamj001
Ben Fritz,Jason Isringhausen,2002,Ben,Fritz,Jason,Isringhausen,Ben Fritz,isrij001
Greg Miller,Chan Ho Park,2002,Greg,Miller,Chan Ho,Park,Greg Miller,parkc002
Luke Hagerty,David Weathers,2002,Luke,Hagerty,David,Weathers,Luke Hagerty,weatd001
Matt Whitney,Juan Gonzalez,2002,Matt,Whitney,Juan,Gonzalez,Matt Whitney,gonzj002
Dan Meyer,Steve Karsay,2002,Dan,Meyer,Steve,Karsay,meyed002,karss001
Jeremy Brown,Jason Giambi,2002,Jeremy,Brown,Jason,Giambi,browj005,giamj001
Chadd Blasko,Rondell White,2002,Chadd,Blasko,Rondell,White,Chadd Blasko,whitr001
Steve Obenchain,Jason Isringhausen,2002,Steve,Obenchain,Jason,Isringhausen,Steve Obenchain,isrij001
Matt Clanton,Todd Van Poppel,2002,Matt,Clanton,Todd,Van Poppel,Matt Clanton,vanpt001
Mark Teahen,Johnny Damon,2002,Mark,Teahen,Johnny,Damon,teahm001,damoj001
Zach Hammes,Chan Ho Park,2002,Zach,Hammes,Chan Ho,Park,Zach Hammes,parkc002
Brian Dopirak,David Weathers,2002,Brian,Dopirak,David,Weathers,Brian Dopirak,weatd001
Tyler Greene,Steve Karsay,2002,Tyler,Greene,Steve,Karsay,greet004,karss001
Brandon Weeden,Tino Martinez,2002,Brandon,Weeden,Tino,Martinez,Brandon Weeden,martt002
Pat Osborn,Marty Cordova,2002,Pat,Osborn,Marty,Cordova,Pat Osborn,cordm001
Jason Cooper,Juan Gonzalez,2002,Jason,Cooper,Juan,Gonzalez,Jason Cooper,gonzj002
Matt Pender,Roger Cedeno,2002,Matt,Pender,Roger,Cedeno,Matt Pender,ceder001
Matt Craig,Rondell White,2002,Matt,Craig,Rondell,White,Matt Craig,whitr001
Rich Hill,Todd Van Poppel,2002,Rich,Hill,Todd,Van Poppel,hillr001,vanpt001
Brad Snyder,Jim Thome,2003,Brad,Snyder,Jim,Thome,snydb002,thomj002
Conor Jackson,Greg Colbrunn,2003,Conor,Jackson,Greg,Colbrunn,jackc002,colbg001
David Aardsma,Jeff Kent,2003,David,Aardsma,Jeff,Kent,aardd001,kentj001
Brian Snyder,Ray Durham,2003,Brian,Snyder,Ray,Durham,snydb001,durhr001
Mitch Maier,Paul Byrd,2003,Mitch,Maier,Paul,Byrd,maiem001,byrdp001
Adam Miller,Jim Thome,2003,Adam,Miller,Jim,Thome,Adam Miller,thomj002
Matt Murton,Cliff Floyd,2003,Matt,Murton,Cliff,Floyd,murtm001,floyc001
Omar Quintanilla,Ray Durham,2003,Omar,Quintanilla,Ray,Durham,quino001,durhr001
Craig Whitaker,Jeff Kent,2003,Craig,Whitaker,Jeff,Kent,Craig Whitaker,kentj001
Luis Atilano,Tom Glavine,2003,Luis,Atilano,Tom,Glavine,atill001,glavt001
Jarrod Saltalamacchia,Mike Remlinger,2003,Jarrod,Saltalamacchia,Mike,Remlinger,saltj001,remlm001
Jo-Jo Reyes,Mike Remlinger,2003,Jo-Jo,Reyes,Mike,Remlinger,reyej003,remlm001
Abe Alvarez,Cliff Floyd,2003,Abe,Alvarez,Cliff,Floyd,alvaa001,floyc001
Jake Stevens,Tom Glavine,2003,Jake,Stevens,Tom,Glavine,Jake Stevens,glavt001
Glen Perkins,Eddie Guardado,2004,Glen,Perkins,Eddie,Guardado,perkg001,guare001
Phil Hughes,Andy Pettitte,2004,Phil,Hughes,Andy,Pettitte,hughp001,petta001
Landon Powell,Keith Foulke,2004,Landon,Powell,Keith,Foulke,powel001,foulk001
Kyle Waldrop,LaTroy Hawkins,2004,Kyle,Waldrop,LaTroy,Hawkins,waldk001,hawkl001
Blake DeWitt,Paul Quantrill,2004,Blake,DeWitt,Paul,Quantrill,dewib001,quanp001
Matt Campbell,Michael Tucker,2004,Matt,Campbell,Michael,Tucker,Matt Campbell,tuckm001
Eric Hurley,John Thomson,2004,Eric,Hurley,John,Thomson,hurle001,thomj005
J.P. Howell,Raul Ibanez,2004,J.P.,Howell,Raul,Ibanez,howej003,ibanr001
Zach Jackson,Kelvim Escobar,2004,Zach,Jackson,Kelvim,Escobar,jackz001,escok001
Justin Orenduff,Paul Quantrill,2004,Justin,Orenduff,Paul,Quantrill,Justin Orenduff,quanp001
Tyler Lumsden,Bartolo Colon,2004,Tyler,Lumsden,Bartolo,Colon,Tyler Lumsden,colob001
Matt Fox,Eddie Guardado,2004,Matt,Fox,Eddie,Guardado,fox-m001,guare001
Danny Putnam,Keith Foulke,2004,Danny,Putnam,Keith,Foulke,putnd001,foulk001
Jon Poterson,Andy Pettitte,2004,Jon,Poterson,Andy,Pettitte,Jon Poterson,petta001
Gio Gonzalez,Tom Gordon,2004,Gio,Gonzalez,Tom,Gordon,gonzg003,gordt001
Jay Rainville,LaTroy Hawkins,2004,Jay,Rainville,LaTroy,Hawkins,Jay Rainville,hawkl001
Huston Street,Miguel Tejada,2004,Huston,Street,Miguel,Tejada,streh001,tejam001
Jeff Marquez,David Wells,2004,Jeff,Marquez,David,Wells,Jeff Marquez,welld001
Brett Smith,David Wells,2004,Brett,Smith,David,Wells,Brett Smith,welld001
Michael Rogers,Miguel Tejada,2004,Michael,Rogers,Miguel,Tejada,Michael Rogers,tejam001
Wes Whisler,Bartolo Colon,2004,Wes,Whisler,Bartolo,Colon,whisw001,colob001
Erik Cordier,Raul Ibanez,2004,Erik,Cordier,Raul,Ibanez,corde001,ibanr001
Ray Liotta,Tom Gordon,2004,Ray,Liotta,Tom,Gordon,Ray Liotta,gordt001
Adam Lind,Kelvim Escobar,2004,Adam,Lind,Kelvim,Escobar,linda001,escok001
C.J. Henry,Jon Lieber,2005,C.J.,Henry,Jon,Lieber,C.J. Henry,liebj001
Aaron Thompson,Armando Benitez,2005,Aaron,Thompson,Armando,Benitez,thoma003,benia001
Jacoby Ellsbury,Orlando Cabrera,2005,Jacoby,Ellsbury,Orlando,Cabrera,ellsj001,cabro001
Craig Hansen,Derek Lowe,2005,Craig,Hansen,Derek,Lowe,hansc001,lowed001
Colby Rasmus,Edgar Renteria,2005,Colby,Rasmus,Edgar,Renteria,rasmc001,rente001
Jacob Marceaux,Carl Pavano,2005,Jacob,Marceaux,Carl,Pavano,Jacob Marceaux,pavac001
Matt Torra,Richie Sexson,2005,Matt,Torra,Richie,Sexson,Matt Torra,sexsr001
Chaz Roe,Vinny Castilla,2005,Chaz,Roe,Vinny,Castilla,roe-c001,castv001
Johnny Drennen,Omar Vizquel,2005,Johnny,Drennen,Omar,Vizquel,Johnny Drennen,vizqo001
Ryan Tucker,Armando Benitez,2005,Ryan,Tucker,Armando,Benitez,tuckr001,benia001
Cesar Ramos,David Wells,2005,Cesar,Ramos,David,Wells,ramoc001,welld001
Travis Buck,Damian Miller,2005,Travis,Buck,Damian,Miller,buckt001,milld002
Trevor Bell,Troy Percival,2005,Trevor,Bell,Troy,Percival,bellt002,perct001
Eli Iorg,Carlos Beltran,2005,Eli,Iorg,Carlos,Beltran,Eli Iorg,beltc001
Hank Sanchez,Corey Koskie,2005,Hank,Sanchez,Corey,Koskie,Hank Sanchez,koskc001
Luke Hochevar,Adrian Beltre,2005,Luke,Hochevar,Adrian,Beltre,hochl001,belta001
Beau Jones,Jaret Wright,2005,Beau,Jones,Jaret,Wright,Beau Jones,wrigj002
Clay Buchholz,Pedro Martinez,2005,Clay,Buchholz,Pedro,Martinez,buchc001,martp001
Mark McCormick,Edgar Renteria,2005,Mark,McCormick,Edgar,Renteria,Mark McCormick,rente001
Sean West,Carl Pavano,2005,Sean,West,Carl,Pavano,wests001,pavac001
Jed Lowrie,Orlando Cabrera,2005,Jed,Lowrie,Orlando,Cabrera,lowrj001,cabro001
Tyler Herron,Mike Matheny,2005,Tyler,Herron,Mike,Matheny,Tyler Herron,mathm001
Michael Bowden,Derek Lowe,2005,Michael,Bowden,Derek,Lowe,bowdm001,lowed001
Ivan De Jesus,Adrian Beltre,2005,Ivan,De Jesus,Adrian,Beltre,dejei002,belta001
Daniel Carte,Vinny Castilla,2005,Daniel,Carte,Vinny,Castilla,Daniel Carte,castv001
Craig Italiano,Damian Miller,2005,Craig,Italiano,Damian,Miller,Craig Italiano,milld002
Paul Kelly,Corey Koskie,2005,Paul,Kelly,Corey,Koskie,Paul Kelly,koskc001
Jonathan Egan,Pedro Martinez,2005,Jonathan,Egan,Pedro,Martinez,Jonathan Egan,martp001
Ryan Mount,Troy Percival,2005,Ryan,Mount,Troy,Percival,Ryan Mount,perct001
J.B. Cox,Orlando Hernandez,2005,J.B.,Cox,Orlando,Hernandez,J.B. Cox,herno001
Josh Wilson,Mike Matheny,2005,Josh,Wilson,Mike,Matheny,wilsj003,mathm001
Nick Hundley,David Wells,2005,Nick,Hundley,David,Wells,hundn001,welld001
Jeff Lyman,Jaret Wright,2005,Jeff,Lyman,Jaret,Wright,Jeff Lyman,wrigj002
Brett Hayes,Mike Redmond,2005,Brett,Hayes,Mike,Redmond,hayeb001,redmm001
Drew Thompson,Henry Blanco,2005,Drew,Thompson,Henry,Blanco,Drew Thompson,blanh001
Micah Owings,Richie Sexson,2005,Micah,Owings,Richie,Sexson,owinm001,sexsr001
Brian Duensing,Cristian Guzman,2005,Brian,Duensing,Cristian,Guzman,duenb001,guzmc001
Tommy Manzella,Carlos Beltran,2005,Tommy,Manzella,Carlos,Beltran,manzt001,beltc001
Jensen Lewis,Omar Vizquel,2005,Jensen,Lewis,Omar,Vizquel,lewij003,vizqo001
Mike Billek,Matt Clement,2005,Mike,Billek,Matt,Clement,Mike Billek,clemm001
Kyle Drabek,Billy Wagner,2006,Kyle,Drabek,Billy,Wagner,drabk001,wagnb001
Ian Kennedy,Tom Gordon,2006,Ian,Kennedy,Tom,Gordon,kenni001,gordt001
Colton Willems,Esteban Loaiza,2006,Colton,Willems,Esteban,Loaiza,Colton Willems,loaie001
Hank Conger,Paul Byrd,2006,Hank,Conger,Paul,Byrd,congh001,byrdp001
Bryan Morris,Jeff Weaver,2006,Bryan,Morris,Jeff,Weaver,morrb002,weavj002
Daniel Bard,Johnny Damon,2006,Daniel,Bard,Johnny,Damon,bardd001,damoj001
Preston Mattingly,Jeff Weaver,2006,Preston,Mattingly,Jeff,Weaver,Preston Mattingly,weavj002
Pedro Beato,B.J. Ryan,2006,Pedro,Beato,B.J.,Ryan,beatp001,ryanb001
Emmanuel Burriss,Scott Eyre,2006,Emmanuel,Burriss,Scott,Eyre,burre001,eyres001
Brooks Brown,Tim Worrell,2006,Brooks,Brown,Tim,Worrell,browb005,worrt002
Kyler Burke,Ramon Hernandez,2006,Kyler,Burke,Ramon,Hernandez,Kyler Burke,hernr002
Chris Coghlan,A.J. Burnett,2006,Chris,Coghlan,A.J.,Burnett,coghc001,burna001
Adrian Cardenas,Billy Wagner,2006,Adrian,Cardenas,Billy,Wagner,carda001,wagnb001
Cory Rasmus,Kyle Farnsworth,2006,Cory,Rasmus,Kyle,Farnsworth,rasmc002,farnk001
David Huff,Bob Howry,2006,David,Huff,Bob,Howry,huffd001,howrb001
Kris Johnson,Johnny Damon,2006,Kris,Johnson,Johnny,Damon,johnk004,damoj001
Joba Chamberlain,Tom Gordon,2006,Joba,Chamberlain,Tom,Gordon,chamj002,gordt001
Chris Perez,Matt Morris,2006,Chris,Perez,Matt,Morris,perec002,morrm001
Steve Evarts,Rafael Furcal,2006,Steve,Evarts,Rafael,Furcal,Steve Evarts,furcr001
Caleb Clay,Bill Mueller,2006,Caleb,Clay,Bill,Mueller,Caleb Clay,muelb001
Jeff Locke,Rafael Furcal,2006,Jeff,Locke,Rafael,Furcal,lockj001,furcr001
Chad Huffman,Ramon Hernandez,2006,Chad,Huffman,Ramon,Hernandez,huffc001,hernr002
Brad Furnish,Matt Morris,2006,Brad,Furnish,Matt,Morris,Brad Furnish,morrm001
Steven Wright,Kevin Millwood,2006,Steven,Wright,Kevin,Millwood,wrigs001,millk004
Josh Rodriguez,Bob Howry,2006,Josh,Rodriguez,Bob,Howry,rodrj003,howrb001
Ryan Adams,B.J. Ryan,2006,Ryan,Adams,B.J.,Ryan,adamr003,ryanb001
Stephen Englund,Hector Carrasco,2006,Stephen,Englund,Hector,Carrasco,Stephen Englund,carrh001
Chase Fontaine,Kyle Farnsworth,2006,Chase,Fontaine,Kyle,Farnsworth,Chase Fontaine,farnk001
Matt McBride,Scott Elarton,2006,Matt,McBride,Scott,Elarton,mcbrm002,elars001
Mark Hamilton,Abraham Nunez,2006,Mark,Hamilton,Abraham,Nunez,hamim001,nunea001
Aaron Bates,Bill Mueller,2006,Aaron,Bates,Bill,Mueller,batea001,muelb001
Dallas Buck,Tim Worrell,2006,Dallas,Buck,Tim,Worrell,Dallas Buck,worrt002
Clayton Tanner,Scott Eyre,2006,Clayton,Tanner,Scott,Eyre,Clayton Tanner,eyres001
Torre Langley,A.J. Burnett,2006,Torre,Langley,A.J.,Burnett,Torre Langley,burna001
Whitney Robbins,Jacque Jones,2006,Whitney,Robbins,Jacque,Jones,Whitney Robbins,jonej003
Kevin Ahrens,Frank Catalanotto,2007,Kevin,Ahrens,Frank,Catalanotto,Kevin Ahrens,cataf001
Blake Beavan,Carlos Lee,2007,Blake,Beavan,Carlos,Lee,beavb001,lee-c001
Chris Withrow,Julio Lugo,2007,Chris,Withrow,Julio,Lugo,withc001,lugoj001
Tim Alderson,Jason Schmidt,2007,Tim,Alderson,Jason,Schmidt,Tim Alderson,schmj001
Michael Main,Gary Matthews,2007,Michael,Main,Gary,Matthews,Michael Main,mattg002
Wendell Fairley,Moises Alou,2007,Wendell,Fairley,Moises,Alou,Wendell Fairley,aloum001
Josh Smoker,Alfonso Soriano,2007,Josh,Smoker,Alfonso,Soriano,smokj001,soria001
Nick Noonan,Moises Alou,2007,Nick,Noonan,Moises,Alou,noonn001,aloum001
Jon Gilmore,Danys Baez,2007,Jon,Gilmore,Danys,Baez,Jon Gilmore,baezd001
Todd Frazier,Rich Aurilia,2007,Todd,Frazier,Rich,Aurilia,frazt001,aurir001
Julio Borbon,Carlos Lee,2007,Julio,Borbon,Carlos,Lee,borbj001,lee-c001
Clayton Mortensen,Jeff Suppan,2007,Clayton,Mortensen,Jeff,Suppan,mortc003,suppj001
Travis d'Arnaud,David Dellucci,2007,Travis,d'Arnaud,David,Dellucci,darnt001,delld001
Brett Cecil,Justin Speier,2007,Brett,Cecil,Justin,Speier,cecib001,speij001
James Adkins,Julio Lugo,2007,James,Adkins,Julio,Lugo,James Adkins,lugoj001
Kellen Kulbacki,Woody Williams,2007,Kellen,Kulbacki,Woody,Williams,Kellen Kulbacki,willw001
Sean Doolittle,Barry Zito,2007,Sean,Doolittle,Barry,Zito,dools001,zitob001
Eddie Kunz,Roberto Hernandez,2007,Eddie,Kunz,Roberto,Hernandez,kunze001,hernr001
Jackson Williams,Jason Schmidt,2007,Jackson,Williams,Jason,Schmidt,willj005,schmj001
Neil Ramirez,Gary Matthews,2007,Neil,Ramirez,Gary,Matthews,ramin001,mattg002
Justin Jackson,Frank Catalanotto,2007,Justin,Jackson,Frank,Catalanotto,Justin Jackson,cataf001
Drew Cumberland,Dave Roberts,2007,Drew,Cumberland,Dave,Roberts,Drew Cumberland,robed001
Nathan Vineyard,Chad Bradford,2007,Nathan,Vineyard,Chad,Bradford,Nathan Vineyard,bradc001
Josh Donaldson,Juan Pierre,2007,Josh,Donaldson,Juan,Pierre,donaj001,pierj002
Michael Burgess,Jose Guillen,2007,Michael,Burgess,Jose,Guillen,Michael Burgess,guilj001
Wes Roemer,Craig Counsell,2007,Wes,Roemer,Craig,Counsell,Wes Roemer,counc001
Charlie Culberson,Mike Stanton,2007,Charlie,Culberson,Mike,Stanton,culbc001,stanm003
Matt Mangini,Gil Meche,2007,Matt,Mangini,Gil,Meche,mangm001,mechg001
Kyle Lotzkar,Scott Schoeneweis,2007,Kyle,Lotzkar,Scott,Schoeneweis,Kyle Lotzkar,schos001
Tommy Hunter,Mark DeRosa,2007,Tommy,Hunter,Mark,DeRosa,huntt002,derom001
Nick Hagadone,Alex Gonzalez,2007,Nick,Hagadone,Alex,Gonzalez,hagan001,gonza002
Trystan Magnuson,Ted Lilly,2007,Trystan,Magnuson,Ted,Lilly,magnt001,lillt001
Mitch Canham,Chan Ho Park,2007,Mitch,Canham,Chan Ho,Park,Mitch Canham,parkc002
Jon Bachanov,Adam Kennedy,2007,Jon,Bachanov,Adam,Kennedy,Jon Bachanov,kenna001
Corey Brown,Frank Thomas,2007,Corey,Brown,Frank,Thomas,browc003,thomf001
Brandon Hamilton,Jamie Walker,2007,Brandon,Hamilton,Jamie,Walker,Brandon Hamilton,walkj001
Ed Easley,Miguel Batista,2007,Ed,Easley,Miguel,Batista,easle001,batim001
Ryan Dent,Keith Foulke,2007,Ryan,Dent,Keith,Foulke,Ryan Dent,foulk001
Cory Luebke,Alan Embree,2007,Cory,Luebke,Alan,Embree,luebc001,embra001
Danny Payne,Ryan Klesko,2007,Danny,Payne,Ryan,Klesko,Danny Payne,klesr001
Jordan Zimmermann,Alfonso Soriano,2007,Jordan,Zimmermann,Alfonso,Soriano,zimmj003,soria001
David Kopp,Jeff Suppan,2007,David,Kopp,Jeff,Suppan,David Kopp,suppj001
Grant Desme,Barry Zito,2007,Grant,Desme,Barry,Zito,Grant Desme,zitob001
Scott Moviel,Roberto Hernandez,2007,Scott,Moviel,Roberto,Hernandez,Scott Moviel,hernr001
Eric Sogard,Woody Williams,2007,Eric,Sogard,Woody,Williams,sogae001,willw001
Eric Eiland,Justin Speier,2007,Eric,Eiland,Justin,Speier,Eric Eiland,speij001
Eric Niesen,Chad Bradford,2007,Eric,Niesen,Chad,Bradford,Eric Niesen,bradc001
Scott Carroll,Rich Aurilia,2007,Scott,Carroll,Rich,Aurilia,carrs001,aurir001
Jonathan Pettibone,David Dellucci,2007,Jonathan,Pettibone,David,Dellucci,pettj001,delld001
Corey Kluber,Dave Roberts,2007,Corey,Kluber,Dave,Roberts,klubc001,robed001
Ike Davis,Tom Glavine,2008,Ike,Davis,Tom,Glavine,davii001,glavt001
Carlos Gutierrez,Torii Hunter,2008,Carlos,Gutierrez,Torii,Hunter,Carlos Gutierrez,huntt001
Shooter Hunt,Torii Hunter,2008,Shooter,Hunt,Torii,Hunter,Shooter Hunt,huntt001
Jake Odorizzi,Francisco Cordero,2008,Jake,Odorizzi,Francisco,Cordero,odorj001,cordf002
Zach Collier,Aaron Rowand,2008,Zach,Collier,Aaron,Rowand,Zach Collier,rowaa001
Evan Frederickson,Scott Linebrink,2008,Evan,Frederickson,Scott,Linebrink,Evan Frederickson,lines001
Conor Gillaspie,Pedro Feliz,2008,Conor,Gillaspie,Pedro,Feliz,gillc001,felip001
Jordan Lyles,Trever Miller,2008,Jordan,Lyles,Trever,Miller,lylej001,millt002
Lance Lynn,Troy Percival,2008,Lance,Lynn,Troy,Percival,lynnl001,perct001
Brett DeVall,Ron Mahay,2008,Brett,DeVall,Ron,Mahay,Brett DeVall,mahar001
Ryan Flaherty,Jason Kendall,2008,Ryan,Flaherty,Jason,Kendall,flahr001,kendj001
Wade Miley,Livan Hernandez,2008,Wade,Miley,Livan,Hernandez,milew001,hernl003
Jeremy Bleich,Luis Vizcaino,2008,Jeremy,Bleich,Luis,Vizcaino,bleij001,vizcl001
Bryan Price,Eric Gagne,2008,Bryan,Price,Eric,Gagne,pricb001,gagne001
Logan Forsythe,Doug Brocail,2008,Logan,Forsythe,Doug,Brocail,forsl001,brocd001
Anthony Gose,Aaron Rowand,2008,Anthony,Gose,Aaron,Rowand,gosea001,rowaa001
AJ Pollock,Orlando Hudson,2009,AJ,Pollock,Orlando,Hudson,AJ Pollock,hudso001
Randal Grichuk,Francisco Rodriguez,2009,Randal,Grichuk,Francisco,Rodriguez,gricr001,rodrf003
Mike Trout,Mark Teixeira,2009,Mike,Trout,Mark,Teixeira,troum001,teixm001
Nick Franklin,Raul Ibanez,2009,Nick,Franklin,Raul,Ibanez,frann001,ibanr001
Tim Wheeler,Brian Fuentes,2009,Tim,Wheeler,Brian,Fuentes,Tim Wheeler,fuenb001
Steven Baron,Raul Ibanez,2009,Steven,Baron,Raul,Ibanez,Steven Baron,ibanr001
Rex Brothers,Brian Fuentes,2009,Rex,Brothers,Brian,Fuentes,brotr001,fuenb001
Matt Davidson,Orlando Hudson,2009,Matt,Davidson,Orlando,Hudson,davim005,hudso001
Aaron Miller,Derek Lowe,2009,Aaron,Miller,Derek,Lowe,Aaron Miller,lowed001
Noah Syndergaard,A.J. Burnett,2009,Noah,Syndergaard,A.J.,Burnett,syndn001,burna001
Josh Phegley,Orlando Cabrera,2009,Josh,Phegley,Orlando,Cabrera,phegj001,cabro001
Kentrail Davis,CC Sabathia,2009,Kentrail,Davis,CC,Sabathia,Kentrail Davis,sabac001
Tyler Skaggs,Mark Teixeira,2009,Tyler,Skaggs,Mark,Teixeira,skagt001,teixm001
Chris Owings,Juan Cruz,2009,Chris,Owings,Juan,Cruz,owinc001,cruzj005
Garrett Richards,Francisco Rodriguez,2009,Garrett,Richards,Francisco,Rodriguez,richg002,rodrf003
Brad Boxberger,Jeremy Affeldt,2009,Brad,Boxberger,Jeremy,Affeldt,boxbb001,affej001
Tanner Scheppers,Milton Bradley,2009,Tanner,Scheppers,Milton,Bradley,schet001,bradm001
Mike Belfiore,Brandon Lyon,2009,Mike,Belfiore,Brandon,Lyon,belfm001,lyonb003
Matt Bashore,Dennys Reyes,2009,Matt,Bashore,Dennys,Reyes,Matt Bashore,reyed001
Kyle Heckathorn,Brian Shouse,2009,Kyle,Heckathorn,Brian,Shouse,Kyle Heckathorn,shoub001
Tyler Kehrer,Jon Garland,2009,Tyler,Kehrer,Jon,Garland,Tyler Kehrer,garlj001
Blake Smith,Derek Lowe,2009,Blake,Smith,Derek,Lowe,smitb006,lowed001
Eric Smith,Juan Cruz,2009,Eric,Smith,Juan,Cruz,Eric Smith,cruzj005
Trayce Thompson,Orlando Cabrera,2009,Trayce,Thompson,Orlando,Cabrera,thomt002,cabro001
Max Walla,CC Sabathia,2009,Max,Walla,CC,Sabathia,Max Walla,sabac001
Jake Marisnick,A.J. Burnett,2009,Jake,Marisnick,A.J.,Burnett,marij002,burna001
Kaleb Cowart,Chone Figgins,2010,Kaleb,Cowart,Chone,Figgins,cowak001,figgc001
Mike Foltynewicz,Jose Valverde,2010,Mike,Foltynewicz,Jose,Valverde,foltm001,valvj001
Kolbrin Vitek,Billy Wagner,2010,Kolbrin,Vitek,Billy,Wagner,Kolbrin Vitek,wagnb001
Cam Bedrosian,John Lackey,2010,Cam,Bedrosian,John,Lackey,bedrc001,lackj001
Mike Kvasnicka,Jose Valverde,2010,Mike,Kvasnicka,Jose,Valverde,Mike Kvasnicka,valvj001
Aaron Sanchez,Marco Scutaro,2010,Aaron,Sanchez,Marco,Scutaro,sanca006,scutm001
Matt Lipka,Mike Gonzalez,2010,Matt,Lipka,Mike,Gonzalez,Matt Lipka,gonzm001
Bryce Brentz,Billy Wagner,2010,Bryce,Brentz,Billy,Wagner,brenb002,wagnb001
Taylor Lindsey,Chone Figgins,2010,Taylor,Lindsey,Chone,Figgins,Taylor Lindsey,figgc001
Anthony Ranaudo,Jason Bay,2010,Anthony,Ranaudo,Jason,Bay,ranaa001,bay-j001
Ryan Bolden,John Lackey,2010,Ryan,Bolden,John,Lackey,Ryan Bolden,lackj001
Asher Wojciechowski,Rod Barajas,2010,Asher,Wojciechowski,Rod,Barajas,wojca001,barar001
Drew Vettleson,Gregg Zaun,2010,Drew,Vettleson,Gregg,Zaun,Drew Vettleson,zaung001
Taijuan Walker,Adrian Beltre,2010,Taijuan,Walker,Adrian,Beltre,walkt004,belta001
Nick Castellanos,Brandon Lyon,2010,Nick,Castellanos,Brandon,Lyon,castn001,lyonb003
Luke Jackson,Ivan Rodriguez,2010,Luke,Jackson,Ivan,Rodriguez,jackl001,rodri001
Seth Blair,Mark DeRosa,2010,Seth,Blair,Mark,DeRosa,Seth Blair,derom001
Pete Tago,Jason Marquis,2010,Pete,Tago,Jason,Marquis,Pete Tago,marqj001
Chance Ruffin,Fernando Rodney,2010,Chance,Ruffin,Fernando,Rodney,ruffc001,rodnf001
Mike Olt,Marlon Byrd,2010,Mike,Olt,Marlon,Byrd,olt-m001,byrdm001
Tyrell Jenkins,Joel Pineiro,2010,Tyrell,Jenkins,Joel,Pineiro,jenkt001,pinej001
Todd Cunningham,Mike Gonzalez,2010,Todd,Cunningham,Mike,Gonzalez,cunnt001,gonzm001
Brandon Workman,Jason Bay,2010,Brandon,Workman,Jason,Bay,workb001,bay-j001
Justin Nicolino,Marco Scutaro,2010,Justin,Nicolino,Marco,Scutaro,nicoj001,scutm001
Matt Barnes,Victor Martinez,2011,Matt,Barnes,Victor,Martinez,barnm001,martv001
Alex Meyer,Adam Dunn,2011,Alex,Meyer,Adam,Dunn,meyea001,dunna001
Taylor Guerrieri,Carl Crawford,2011,Taylor,Guerrieri,Carl,Crawford,guert002,crawc002
Blake Swihart,Adrian Beltre,2011,Blake,Swihart,Adrian,Beltre,swihb001,belta001
Mikie Mahtook,Rafael Soriano,2011,Mikie,Mahtook,Rafael,Soriano,mahtm001,sorir001
Kevin Matthews,Cliff Lee,2011,Kevin,Matthews,Cliff,Lee,Kevin Matthews,lee-c003
Brian Goodwin,Adam Dunn,2011,Brian,Goodwin,Adam,Dunn,goodb001,dunna001
Jacob Anderson,Scott Downs,2011,Jacob,Anderson,Scott,Downs,Jacob Anderson,downs001
Henry Owens,Victor Martinez,2011,Henry,Owens,Victor,Martinez,owenh002,martv001
Zach Cone,Cliff Lee,2011,Zach,Cone,Cliff,Lee,Zach Cone,lee-c003
Brandon Martin,Rafael Soriano,2011,Brandon,Martin,Rafael,Soriano,Brandon Martin,sorir001
Larry Greene,Jayson Werth,2011,Larry,Greene,Jayson,Werth,Larry Greene,wertj001
Jackie Bradley Jr.,Adrian Beltre,2011,Jackie,Bradley,Adrian,Beltre,bradj001,belta001
Tyler Goeddel,Carl Crawford,2011,Tyler,Goeddel,Carl,Crawford,goedt001,crawc002
Jeff Ames,Grant Balfour,2011,Jeff,Ames,Grant,Balfour,Jeff Ames,balfg001
Andrew Chafin,Adam LaRoche,2011,Andrew,Chafin,Adam,LaRoche,chafa001,laroa001
Michael Fulmer,Pedro Feliciano,2011,Michael,Fulmer,Pedro,Feliciano,fulmm001,felip002
Trevor Story,Octavio Dotel,2011,Trevor,Story,Octavio,Dotel,stort001,doteo001
Joe Musgrove,John Buck,2011,Joe,Musgrove,John,Buck,musgj001,buckj001
Keenyn Walker,J.J. Putz,2011,Keenyn,Walker,J.J.,Putz,Keenyn Walker,putzj001
Michael Kelly,Jon Garland,2011,Michael,Kelly,Jon,Garland,Michael Kelly,garlj001
Kyle Crick,Juan Uribe,2011,Kyle,Crick,Juan,Uribe,crick001,uribj002
Travis Harrison,Orlando Hudson,2011,Travis,Harrison,Orlando,Hudson,Travis Harrison,hudso001
Dante Bichette,Javier Vazquez,2011,Dante,Bichette,Javier,Vazquez,bichd001,vazqj001
Blake Snell,Brad Hawpe,2011,Blake,Snell,Brad,Hawpe,snelb001,hawpb001
Dwight Smith Jr.,Kevin Gregg,2011,Dwight,Smith Jr.,Kevin,Gregg,smitd007,gregk001
Walker Weickel,Yorvit Torrealba,2011,Walker,Weickel,Yorvit,Torrealba,Walker Weickel,torry001
Hudson Boyd,Jesse Crain,2011,Hudson,Boyd,Jesse,Crain,Hudson Boyd,craij001
Kes Carter,Joaquin Benoit,2011,Kes,Carter,Joaquin,Benoit,Kes Carter,benoj001
Kevin Comer,Miguel Olivo,2011,Kevin,Comer,Miguel,Olivo,Kevin Comer,olivm001
Jace Peterson,Kevin Correia,2011,Jace,Peterson,Kevin,Correia,petej002,corrk001
Grayson Garvin,Randy Choate,2011,Grayson,Garvin,Randy,Choate,Grayson Garvin,choar001
James Harris,Chad Qualls,2011,James,Harris,Chad,Qualls,harrf101,qualc001
Roman Quinn,Jayson Werth,2011,Roman,Quinn,Jayson,Werth,quinr003,wertj001
Daniel Norris,Scott Downs,2011,Daniel,Norris,Scott,Downs,norrd002,downs001
Granden Goetzman,Grant Balfour,2011,Granden,Goetzman,Grant,Balfour,Granden Goetzman,balfg001
Michael Wacha,Albert Pujols,2012,Michael,Wacha,Albert,Pujols,wachm001,pujoa001
Clint Coulter,Prince Fielder,2012,Clint,Coulter,Prince,Fielder,Clint Coulter,fielp001
Brian Johnson,Jonathan Papelbon,2012,Brian,Johnson,Jonathan,Papelbon,johnb004,papej001
Jose Berrios,Michael Cuddyer,2012,Jose,Berrios,Michael,Cuddyer,berrj001,cuddm001
Zach Eflin,Heath Bell,2012,Zach,Eflin,Heath,Bell,efliz001,bellh001
Daniel Robertson,Josh Willingham,2012,Daniel,Robertson,Josh,Willingham,robed004,willj004
Kevin Plawecki,Jose Reyes,2012,Kevin,Plawecki,Jose,Reyes,plawk001,reyej001
Stephen Piscotty,Albert Pujols,2012,Stephen,Piscotty,Albert,Pujols,piscs001,pujoa001
Pat Light,Jonathan Papelbon,2012,Pat,Light,Jonathan,Papelbon,lighp001,papej001
Mitch Haniger,Prince Fielder,2012,Mitch,Haniger,Prince,Fielder,hanim001,fielp001
Joey Gallo,C.J. Wilson,2012,Joey,Gallo,C.J.,Wilson,gallj002,wilsc004
Shane Watson,Ryan Madson,2012,Shane,Watson,Ryan,Madson,Shane Watson,madsr001
Lance McCullers Jr.,Clint Barmes,2012,Lance,McCullers Jr.,Clint,Barmes,mccul002,barmc001
Luke Bard,Jason Kubel,2012,Luke,Bard,Jason,Kubel,bardl001,kubej002
Pierce Johnson,Aramis Ramirez,2012,Pierce,Johnson,Aramis,Ramirez,johnp001,ramia001
Travis Jankowski,Aaron Harang,2012,Travis,Jankowski,Aaron,Harang,jankt001,haraa001
Barrett Barnes,Ryan Doumit,2012,Barrett,Barnes,Ryan,Doumit,Barrett Barnes,doumr001
Eddie Butler,Mark Ellis,2012,Eddie,Butler,Mark,Ellis,butle001,ellim001
Matt Olson,David DeJesus,2012,Matt,Olson,David,DeJesus,olsom001,dejed001
Keon Barnum,Mark Buehrle,2012,Keon,Barnum,Mark,Buehrle,Keon Barnum,buehm001
Jesse Winker,Ramon Hernandez,2012,Jesse,Winker,Ramon,Hernandez,winkj002,hernr002
Matt Smoral,Frank Francisco,2012,Matt,Smoral,Frank,Francisco,Matt Smoral,franf001
Jesmuel Valentin,Rod Barajas,2012,Jesmuel,Valentin,Rod,Barajas,valej006,barar001
Patrick Wisdom,Octavio Dotel,2012,Patrick,Wisdom,Octavio,Dotel,wisdp001,doteo001
Collin Wiles,Darren Oliver,2012,Collin,Wiles,Darren,Oliver,Collin Wiles,olivd001
Mitch Gueller,Raul Ibanez,2012,Mitch,Gueller,Raul,Ibanez,Mitch Gueller,ibanr001
Paul Blackburn,Carlos Pena,2012,Paul,Blackburn,Carlos,Pena,blacp001,penac001
Jeff Gelalich,Francisco Cordero,2012,Jeff,Gelalich,Francisco,Cordero,Jeff Gelalich,cordf002
Mitch Nay,Jon Rauch,2012,Mitch,Nay,Jon,Rauch,Mitch Nay,raucj001
Steve Bean,Edwin Jackson,2012,Steve,Bean,Edwin,Jackson,Steve Bean,jacke001
Tyler Gonzales,Jose Molina,2012,Tyler,Gonzales,Jose,Molina,Tyler Gonzales,molij001
Bruce Maxwell,Josh Willingham,2012,Bruce,Maxwell,Josh,Willingham,maxwb001,willj004
Dane Phillips,Heath Bell,2012,Dane,Phillips,Heath,Bell,Dane Phillips,bellh001
Matt Reynolds,Jose Reyes,2012,Matt,Reynolds,Jose,Reyes,reynm003,reyej001
JT Chargois,Michael Cuddyer,2012,JT,Chargois,Michael,Cuddyer,JT Chargois,cuddm001
Dylan Cozens,Ryan Madson,2012,Dylan,Cozens,Ryan,Madson,cozed001,madsr001
Jamie Jarmon,C.J. Wilson,2012,Jamie,Jarmon,C.J.,Wilson,Jamie Jarmon,wilsc004
Rob Kaminsky,Kyle Lohse,2013,Rob,Kaminsky,Kyle,Lohse,kamir001,lohsk001
Ryne Stanek,B.J. Upton,2013,Ryne,Stanek,B.J.,Upton,stanr002,uptob001
Travis Demeritte,Josh Hamilton,2013,Travis,Demeritte,Josh,Hamilton,demet001,hamij003
Jason Hursh,Michael Bourn,2013,Jason,Hursh,Michael,Bourn,hursj004,bourm001
Aaron Judge,Nick Swisher,2013,Aaron,Judge,Nick,Swisher,judga001,swisn001
Ian Clarkin,Rafael Soriano,2013,Ian,Clarkin,Rafael,Soriano,Ian Clarkin,sorir001
